ID,Artwork,Name,CostA,CostB,CostLeftVisi,CostLeftColor,CostLeftValue,CostRightColor,CostRightValue,FrameColor,Class,Ability,AbilityVisi,Desc,DV_norm,DV_small,DV_smaller,AtkDef,AtkDefVisi
Black 1,Artwork\Black 1.png,Cross-Roads Demon,1any,2black,TRUE,Cards\anyCost.png,1,Cards\blackCost.png,2,Cards\black.png,Incantation,FALSE,FALSE,"""Remove Cross-Roads Demon from your deck before playing if you're not playing for ante. Each player antes the top card of their Deck.",TRUE,FALSE,FALSE,FALSE,FALSE
Black 10,Artwork\Black 10.png,Necromancy,1black,FALSE,FALSE,Cards\blackCost.png,FALSE,Cards\blackCost.png,1,Cards\black.png,Incantation,FALSE,FALSE,"""Return target Being card from your Discard-Pile to your hand.",TRUE,FALSE,FALSE,FALSE,FALSE
Black 11,Artwork\Black 11.png,Black Knight,2black,FALSE,FALSE,Cards\blackCost.png,FALSE,Cards\blackCost.png,2,Cards\black.png,Being - Human Knight,First Strike,TRUE,"""Protection from White.",TRUE,FALSE,FALSE,2 | 2,TRUE
Black 12,Artwork\Black 12.png,Shudder,1black,FALSE,FALSE,Cards\blackCost.png,FALSE,Cards\blackCost.png,1,Cards\black.png,Empower: Being,FALSE,FALSE,"""When Shudder enters the battlefield, Channel Empowered Being. Empowered Being does not Unchannel during its controller's Unchannel step. At the beginning of the upkeep of Empowered Being's controller, that player may pay (4). If the player does, Unchannel the Being.",FALSE,TRUE,FALSE,FALSE,FALSE
Black 13,Artwork\Black 13.png,Night Mare,5any,1black,TRUE,Cards\anyCost.png,5,Cards\blackCost.png,1,Cards\black.png,Being - Cultistist Horse,Flying,TRUE,"""Night Mare's power and toughness are each equal to the number of Swamps you control.",TRUE,FALSE,FALSE,* | *,TRUE
Black 14,Artwork\Black 14.png,Hypnotic Specter,1any,2black,TRUE,Cards\anyCost.png,1,Cards\blackCost.png,2,Cards\black.png,Being - Specter,Flying,TRUE,"""Whenever Hypnotic Specter deals damage to an opponent, that player discards a card at random.",TRUE,FALSE,FALSE,2 | 2,TRUE
Black 15,Artwork\Black 15.png,Infested Vermin,2any,1black,TRUE,Cards\anyCost.png,2,Cards\blackCost.png,1,Cards\black.png,Being - Rat,FALSE,FALSE,"""Infested Vermin's power and toughness are each equal to the number of Beings named Infested Vermin on the battlefield.",TRUE,FALSE,FALSE,* | *,TRUE
Black 16,Artwork\Black 16.png,Wall of Skulls,2any,1black,TRUE,Cards\anyCost.png,2,Cards\blackCost.png,1,Cards\black.png,Being - Skeleton Wall,Defender,TRUE,"""[1 Black-Arcana]: Resist-Death Wall of Skulls.",TRUE,FALSE,FALSE,1 | 4,TRUE
Black 17,Artwork\Black 17.png,Dread,2any,1black,TRUE,Cards\anyCost.png,2,Cards\blackCost.png,1,Cards\black.png,Empower: Any,FALSE,FALSE,"""White spells cost (3) more to cast. Activated abilities of White Empowers cost (3) more to activate.",TRUE,FALSE,FALSE,FALSE,FALSE
Black 18,Artwork\Black 18.png,Revenant,1black,FALSE,FALSE,Cards\blackCost.png,FALSE,Cards\blackCost.png,1,Cards\black.png,Being - Spirit,Flying,TRUE,"""[1 Black-Arcana]: Resist-Death Revenant.",TRUE,FALSE,FALSE,0 | 1,TRUE
Black 19,Artwork\Black 19.png,Warp Relic,2black,FALSE,FALSE,Cards\blackCost.png,FALSE,Cards\blackCost.png,2,Cards\black.png,Empower: Relic,FALSE,FALSE,"""At the beginning of the upkeep of Empowered Relic's controller, Warp Relic deals 1 damage to that player.",TRUE,FALSE,FALSE,FALSE,FALSE
Black 2,Artwork\Black 2.png,Night Shadow,2black,FALSE,FALSE,Cards\blackCost.png,FALSE,Cards\blackCost.png,2,Cards\black.png,Being - Spirit,Haste,TRUE,"""At the beginning of your upkeep, if Night Shadow is in your Discard-Pile with three or more Being cards above it, you may put Night Shadow onto the battlefield.",TRUE,FALSE,FALSE,1 | 1,TRUE
Black 20,Artwork\Black 20.png,Cultist's Contract,1black,FALSE,FALSE,Cards\blackCost.png,FALSE,Cards\blackCost.png,1,Cards\black.png,Incantation,FALSE,FALSE,"""Remove Cultist's Contract from your deck before playing if you're not playing for ante. Discard your hand, ante the top card of your Deck, then draw seven cards.",TRUE,FALSE,FALSE,FALSE,FALSE
Black 21,Artwork\Black 21.png,Dark Commandment,2black,FALSE,FALSE,Cards\blackCost.png,FALSE,Cards\blackCost.png,2,Cards\black.png,Quick-Chant,FALSE,FALSE,"""Look at target opponent's hand and choose a card from it. You control that player until Dark Commandment finishes resolving. The player plays that card if able. While doing so, the player can activate Arcana abilities only if they're from Domains that player controls and only if Arcana they produce is spent to activate other Arcana abilities of Domains the player controls and | or to play that card. If the chosen card is cast as a spell, you control the player while that spell is resolving.",FALSE,FALSE,TRUE,FALSE,FALSE
Black 22,Artwork\Black 22.png,Unholy Strength,1black,FALSE,FALSE,Cards\blackCost.png,FALSE,Cards\blackCost.png,1,Cards\black.png,Empower: Being,FALSE,FALSE,"""Empowered Being gets +2 | +1.",TRUE,FALSE,FALSE,FALSE,FALSE
Black 23,Artwork\Black 23.png,Animate Dead,1any,1black,TRUE,Cards\anyCost.png,1,Cards\blackCost.png,1,Cards\black.png,Empower: Being in a Discard-Pile,FALSE,FALSE,"""When Animate Dead enters the battlefield, if it's on the battlefield, it loses 'Empower: Being card in a Discard-Pile' and gains 'Empower: Being put onto the battlefield with Animate Dead.' Return Empowered Being card to the battlefield under your control and attach Animate Dead to it. When Animate Dead leaves the battlefield, that Being's controller sacrifices it. Empowered Being gets -1 | -0.",FALSE,FALSE,TRUE,FALSE,FALSE
Black 24,Artwork\Black 24.png,Taunting Imp,2any,1black,TRUE,Cards\anyCost.png,2,Cards\blackCost.png,1,Cards\black.png,Being - Imp,FALSE,FALSE,"""[Channel]: Choose target non-Wall Being the active player has controlled continuously since the beginning of the turn. That Being attacks this turn if able. Destroy it at the beginning of the next end step if it did not attack this turn. Activate only during an opponent's turn, before attackers are declared.",FALSE,TRUE,FALSE,1 | 1,TRUE
Black 25,Artwork\Black 25.png,Cultistish Summon,1any,1black,TRUE,Cards\anyCost.png,1,Cards\blackCost.png,1,Cards\black.png,Incantation,FALSE,FALSE,"""Search your Deck for a card, put that card into your hand, then shuffle.",TRUE,FALSE,FALSE,FALSE,FALSE
Black 26,Artwork\Black 26.png,Cult Sigil,1black,FALSE,FALSE,Cards\blackCost.png,FALSE,Cards\blackCost.png,1,Cards\black.png,Quick-Chant,FALSE,FALSE,"""Target spell or permanent becomes Black.",TRUE,FALSE,FALSE,FALSE,FALSE
Black 27,Artwork\Black 27.png,Cult Gathering,3any,3black,TRUE,Cards\anyCost.png,3,Cards\blackCost.png,3,Cards\black.png,Being - Cult,FALSE,FALSE,"""[Channel]: Destroy target Domain. At the beginning of your upkeep, unless you pay [3 Black-Arcana], Channel Cult Gathering and sacrifice a Domain of an opponent's choice.",TRUE,FALSE,FALSE,5 | 5,TRUE
Black 28,Artwork\Black 28.png,Deathwhistle,Xany,1black,TRUE,Cards\anyCost.png,X,Cards\blackCost.png,1,Cards\black.png,Quick-Chant,FALSE,FALSE,"""Target Being gets +X | +0 until end of turn.",TRUE,FALSE,FALSE,FALSE,FALSE
Black 29,Artwork\Black 29.png,Bog-Body,3any,1black,TRUE,Cards\anyCost.png,3,Cards\blackCost.png,1,Cards\black.png,Being - Wraith,FALSE,FALSE,"""Swamp-Dweller.",TRUE,FALSE,FALSE,3 | 3,TRUE
Black 3,Artwork\Black 3.png,Hex,Xany,1black,TRUE,Cards\anyCost.png,X,Cards\blackCost.png,1,Cards\black.png,Incantation,FALSE,FALSE,"""Target player discards X cards at random.",TRUE,FALSE,FALSE,FALSE,FALSE
Black 30,Artwork\Black 30.png,Drain Soul,Xany,1black,TRUE,Cards\anyCost.png,X,Cards\blackCost.png,1,Cards\black.png,Incantation,FALSE,FALSE,"""Spend only Black Arcana on X. Drain Soul deals X damage to any target. You gain Health equal to the damage dealt, but not more Health than the player's Health total before the damage was dealt, the Planes-Dweller's loyalty before the damage was dealt, or the Being's toughness.",FALSE,TRUE,FALSE,FALSE,FALSE
Black 31,Artwork\Black 31.png,Cursed Assassin,1any,2black,TRUE,Cards\anyCost.png,1,Cards\blackCost.png,2,Cards\black.png,Being - Human Assassin,FALSE,FALSE,"""[Channel]: Destroy target Channeled Being.",TRUE,FALSE,FALSE,1 | 1,TRUE
Black 32,Artwork\Black 32.png,Sanguine Vampire,3any,2black,TRUE,Cards\anyCost.png,3,Cards\blackCost.png,2,Cards\black.png,Being - Vampire,Flying,TRUE,"""Whenever a Being dealt damage by Sanguine Vampire this turn dies, put a +1 | +1 counter on Sanguine Vampire.",TRUE,FALSE,FALSE,4 | 4,TRUE
Black 33,Artwork\Black 33.png,Full Moon,1any,1black,TRUE,Cards\anyCost.png,1,Cards\blackCost.png,1,Cards\black.png,Empower: Any,FALSE,FALSE,"""Black Beings get +1 | +1.",TRUE,FALSE,FALSE,FALSE,FALSE
Black 34,Artwork\Black 34.png,Carrion Ghoul,3any,1black,TRUE,Cards\anyCost.png,3,Cards\blackCost.png,1,Cards\black.png,Being - Zombie,FALSE,FALSE,"""At the beginning of each end step, put a corpse counter on Carrion Ghoul for each Being that died this turn. Remove a corpse counter from Carrion Ghoul: Resist-Death Carrion Ghoul.",TRUE,FALSE,FALSE,2 | 2,TRUE
Black 35,Artwork\Black 35.png,Lich,4black,FALSE,FALSE,Cards\blackCost.png,FALSE,Cards\blackCost.png,4,Cards\black.png,Empower,FALSE,FALSE,"""As Lich enters the battlefield, you lose Health equal to your Health total. You don't lose the game for having 0 or less Health. If you would gain Health, draw that many cards instead. Whenever you're dealt damage, sacrifice that many non-token permanents. If you can not, you lose the game. When Lich is put into a Discard-Pile from the battlefield, you lose the game.",FALSE,FALSE,TRUE,FALSE,FALSE
Black 36,Artwork\Black 36.png,Zombie Master,1any,2black,TRUE,Cards\anyCost.png,1,Cards\blackCost.png,2,Cards\black.png,Being - Zombie,FALSE,FALSE,"""Other Zombie Beings have Swamp-Dweller. Other Zombies have '[1 Black-Arcana]: Resist-Death this permanent.'",TRUE,FALSE,FALSE,2 | 3,TRUE
Black 37,Artwork\Black 37.png,Weakness,1black,FALSE,FALSE,Cards\blackCost.png,FALSE,Cards\blackCost.png,1,Cards\black.png,Empower: Being,FALSE,FALSE,"""Empowered Being gets -2 | -1.",TRUE,FALSE,FALSE,FALSE,FALSE
Black 38,Artwork\Black 38.png,Tribute,1any,1black,TRUE,Cards\anyCost.png,1,Cards\blackCost.png,1,Cards\black.png,Quick-Chant,FALSE,FALSE,"""You gain Health equal to the damage dealt to you this turn. Tribute deals damage to target Being you control equal to the damage dealt to you this turn.",TRUE,FALSE,FALSE,FALSE,FALSE
Black 39,Artwork\Black 39.png,Abyssal Ravager,4any,3black,TRUE,Cards\anyCost.png,4,Cards\blackCost.png,3,Cards\black.png,Being - Cult,"""Flying, Trample",TRUE,"""At the beginning of your upkeep, sacrifice a Being other than Abyssal Ravager. If you can not, Abyssal Ravager deals 7 damage to you.",TRUE,FALSE,FALSE,7 | 7,TRUE
Black 4,Artwork\Black 4.png,Cult Ritual,1black,FALSE,FALSE,Cards\blackCost.png,FALSE,Cards\blackCost.png,1,Cards\black.png,Quick-Chant,FALSE,FALSE,"""Add [3 Black-Arcana].",TRUE,FALSE,FALSE,FALSE,FALSE
Black 40,Artwork\Black 40.png,Verdant Decay,2black,FALSE,FALSE,Cards\blackCost.png,FALSE,Cards\blackCost.png,2,Cards\black.png,Empower: Any,FALSE,FALSE,"""[2 Black-Arcana]: Counter target Green spell.",TRUE,FALSE,FALSE,FALSE,FALSE
Black 41,Artwork\Black 41.png,Skeleton Horde,1any,1black,TRUE,Cards\anyCost.png,1,Cards\blackCost.png,1,Cards\black.png,Being - Skeleton,FALSE,FALSE,"""[1 Black-Arcana]: Resist-Death Skeleton Horde.",TRUE,FALSE,FALSE,FALSE,FALSE
Black 42,Artwork\Black 42.png,Terror,1any,1black,TRUE,Cards\anyCost.png,1,Cards\blackCost.png,1,Cards\black.png,Quick-Chant,FALSE,FALSE,"""Destroy target non-Relic, non-Black Being. It can not Resist-Death.",TRUE,FALSE,FALSE,FALSE,FALSE
Black 43,Artwork\Black 43.png,Sacrifice,1black,FALSE,FALSE,Cards\blackCost.png,FALSE,Cards\blackCost.png,1,Cards\black.png,Quick-Chant,FALSE,FALSE,"""As an additional cost to cast this spell, sacrifice a Being. Add an amount of [1 Black-Arcana] equal to the sacrificed Being's Arcana value.",TRUE,FALSE,FALSE,FALSE,FALSE
Black 44,Artwork\Black 44.png,Fear,2black,FALSE,FALSE,Cards\blackCost.png,FALSE,Cards\blackCost.png,2,Cards\black.png,Empower: Being,FALSE,FALSE,"""Empowered Being has fear.",TRUE,FALSE,FALSE,FALSE,FALSE
Black 45,Artwork\Black 45.png,Evil Presence,1black,FALSE,FALSE,Cards\blackCost.png,FALSE,Cards\blackCost.png,1,Cards\black.png,Empower: Domain,FALSE,FALSE,"""Empowered Domain is a Swamp.",TRUE,FALSE,FALSE,FALSE,FALSE
Black 46,Artwork\Black 46.png,Sinkhole,2black,FALSE,FALSE,Cards\blackCost.png,FALSE,Cards\blackCost.png,2,Cards\black.png,Incantation,FALSE,FALSE,"""Destroy target Domain.",TRUE,FALSE,FALSE,FALSE,FALSE
Black 5,Artwork\Black 5.png,Zombie Horde,2any,1black,TRUE,Cards\anyCost.png,2,Cards\blackCost.png,1,Cards\black.png,Being - Zombie,FALSE,FALSE,FALSE,FALSE,FALSE,FALSE,2 | 2,TRUE
Black 6,Artwork\Black 6.png,Darkpact,3black,FALSE,FALSE,Cards\blackCost.png,FALSE,Cards\blackCost.png,3,Cards\black.png,Incantation,FALSE,FALSE,"""Remove Darkpact from your deck before playing if you're not playing for ante. You own target card in the ante. Exchange that card with the top card of your Deck.",TRUE,FALSE,FALSE,FALSE,FALSE
Black 7,Artwork\Black 7.png,Pestilence,2any,2black,TRUE,Cards\anyCost.png,2,Cards\blackCost.png,2,Cards\black.png,Empower,FALSE,FALSE,"""At the beginning of the end step, if no Beings are on the battlefield, sacrifice Pestilence. [1 Black-Arcana]: Pestilence deals 1 damage to each Being and each player.",TRUE,FALSE,FALSE,FALSE,FALSE
Black 8,Artwork\Black 8.png,Cold-Handed Shade,2any,1black,TRUE,Cards\anyCost.png,2,Cards\blackCost.png,1,Cards\black.png,Being - Shade,FALSE,FALSE,"""[1 Black-Arcana]: Cold-Handed Shade gets +1 | +1 until end of turn.",TRUE,FALSE,FALSE,0 | 1,TRUE
Black 9,Artwork\Black 9.png,Cursed Domain,2any,2black,TRUE,Cards\anyCost.png,2,Cards\blackCost.png,2,Cards\black.png,Empower: Domain,FALSE,FALSE,"""At the beginning of the upkeep of Empowered Domain's controller, Cursed Domain deals 1 damage to that player.",TRUE,FALSE,FALSE,FALSE,FALSE
Black Blue Domain 1,Artwork\Black Blue Domain 1.png,Underground Sea,0any,FALSE,FALSE,Cards\anyCost.png,FALSE,Cards\anyCost.png,0,Cards\any.png,Domain - Island Swamp,FALSE,FALSE,"""[Channel]: Add [1 Blue-Arcana] or [1 Black-Arcana].",TRUE,FALSE,FALSE,FALSE,FALSE
Black Domain 1,Artwork\Black Domain 1.png,Swamp,0any,FALSE,FALSE,Cards\anyCost.png,FALSE,Cards\anyCost.png,0,Cards\any.png,Basic Domain - Swamp,FALSE,FALSE,"""[Channel]: Add [1 Black-Arcana].",TRUE,FALSE,FALSE,FALSE,FALSE
Black Domain 2,Artwork\Black Domain 2.png,Swamp,0any,FALSE,FALSE,Cards\anyCost.png,FALSE,Cards\anyCost.png,0,Cards\any.png,Basic Domain - Swamp,FALSE,FALSE,"""[Channel]: Add [1 Black-Arcana].",TRUE,FALSE,FALSE,FALSE,FALSE
Black Domain 3,Artwork\Black Domain 3.png,Swamp,0any,FALSE,FALSE,Cards\anyCost.png,FALSE,Cards\anyCost.png,0,Cards\any.png,Basic Domain - Swamp,FALSE,FALSE,"""[Channel]: Add [1 Black-Arcana].",TRUE,FALSE,FALSE,FALSE,FALSE
Black Green Domain 1,Artwork\Black Green Domain 1.png,Bayou,0any,FALSE,FALSE,Cards\anyCost.png,FALSE,Cards\anyCost.png,0,Cards\any.png,Domain - Swamp Forest,FALSE,FALSE,"""[Channel]: Add [1 Black-Arcana] or [1 Green-Arcana].",TRUE,FALSE,FALSE,FALSE,FALSE
Blue 1,Artwork\Blue 1.png,Mindbreaker Toxin,1any,1blue,TRUE,Cards\anyCost.png,1,Cards\blueCost.png,1,Cards\blue.png,Empower: Domain,FALSE,FALSE,"""Whenever Empowered Domain becomes Channeled, Mindbreaker Toxin deals 2 damage to that Domain's controller.",TRUE,FALSE,FALSE,FALSE,FALSE
Blue 10,Artwork\Blue 10.png,Memory Forgery,1blue,FALSE,FALSE,Cards\blueCost.png,FALSE,Cards\blueCost.png,1,Cards\blue.png,Quick-Chant,FALSE,FALSE,"""Change the text of target spell or permanent by replacing all instances of one color word with another.",TRUE,FALSE,FALSE,FALSE,FALSE
Blue 11,Artwork\Blue 11.png,Sea Serpent,5any,1blue,TRUE,Cards\anyCost.png,5,Cards\blueCost.png,1,Cards\blue.png,Being - Serpent,FALSE,FALSE,"""Sea Serpent can not attack unless defending player controls an Island. When you control no Islands, sacrifice Sea Serpent.",TRUE,FALSE,FALSE,5 | 5,TRUE
Blue 12,Artwork\Blue 12.png,Pirate Ship,4any,1blue,TRUE,Cards\anyCost.png,4,Cards\blueCost.png,1,Cards\blue.png,Being - Human Pirate,FALSE,FALSE,"""Pirate Ship can not attack unless defending player controls an Island. [Channel]: Pirate Ship deals 1 damage to any target. When you control no Islands, sacrifice Pirate Ship.",TRUE,FALSE,FALSE,4 | 3,TRUE
Blue 13,Artwork\Blue 13.png,Power Leak,1any,1blue,TRUE,Cards\anyCost.png,1,Cards\blueCost.png,1,Cards\blue.png,Empower: Empower,FALSE,FALSE,"""At the beginning of the upkeep of this card's target's controller, that player may pay any amount of Arcana. Power Leak deals 2 damage to that player. Prevent X of that damage, where X is the amount of Arcana that player paid this way.",FALSE,TRUE,FALSE,FALSE,FALSE
Blue 14,Artwork\Blue 14.png,Jump,1blue,FALSE,FALSE,Cards\blueCost.png,FALSE,Cards\blueCost.png,1,Cards\blue.png,Quick-Chant,FALSE,FALSE,"""Target Being gains Flying until end of turn.",TRUE,FALSE,FALSE,FALSE,FALSE
Blue 15,Artwork\Blue 15.png,Stasis,1any,1blue,TRUE,Cards\anyCost.png,1,Cards\blueCost.png,1,Cards\blue.png,Empower,FALSE,FALSE,"""Players skip their Unchannel steps. At the beginning of your upkeep, sacrifice Stasis unless you pay [1 Blue-Arcana].",TRUE,FALSE,FALSE,FALSE,FALSE
Blue 16,Artwork\Blue 16.png,Volcanic Eruption,Xany,3blue,TRUE,Cards\anyCost.png,X,Cards\blueCost.png,3,Cards\blue.png,Incantation,FALSE,FALSE,"""Destroy X target Mountains. Volcanic Eruption deals damage to each Being and each player equal to the number of Mountains put into a Discard-Pile this way.",TRUE,FALSE,FALSE,FALSE,FALSE
Blue 17,Artwork\Blue 17.png,Psionic Blast,2any,1blue,TRUE,Cards\anyCost.png,2,Cards\blueCost.png,1,Cards\blue.png,Quick-Chant,FALSE,FALSE,"""Psionic Blast deals 4 damage to any target and 2 damage to you.",TRUE,FALSE,FALSE,FALSE,FALSE
Blue 18,Artwork\Blue 18.png,Timetwister,2any,1blue,TRUE,Cards\anyCost.png,2,Cards\blueCost.png,1,Cards\blue.png,Incantation,FALSE,FALSE,"""Each player shuffles their hand and Discard-Pile into their Deck, then draws seven cards. Then put Timetwister into its owner's Discard-Pile.",TRUE,FALSE,FALSE,FALSE,FALSE
Blue 19,Artwork\Blue 19.png,Water Elemental,3any,2blue,TRUE,Cards\anyCost.png,3,Cards\blueCost.png,2,Cards\blue.png,Being - Elemental,FALSE,FALSE,FALSE,FALSE,FALSE,FALSE,5 | 4,TRUE
Blue 2,Artwork\Blue 2.png,Clone,3any,1blue,TRUE,Cards\anyCost.png,3,Cards\blueCost.png,1,Cards\blue.png,Being - Shapeshifter,FALSE,FALSE,"""You may have Clone enter the battlefield as a copy of any Being on the battlefield.",TRUE,FALSE,FALSE,0 | 0,TRUE
Blue 20,Artwork\Blue 20.png,Unsummon,1blue,FALSE,FALSE,Cards\blueCost.png,FALSE,Cards\blueCost.png,1,Cards\blue.png,Quick-Chant,FALSE,FALSE,"""Return target Being to its owner's hand.",TRUE,FALSE,FALSE,FALSE,FALSE
Blue 21,Artwork\Blue 21.png,Spell Blast,Xany,1blue,TRUE,Cards\anyCost.png,X,Cards\blueCost.png,1,Cards\blue.png,Quick-Chant,FALSE,FALSE,"""Counter target spell with Arcana value X.",TRUE,FALSE,FALSE,FALSE,FALSE
Blue 22,Artwork\Blue 22.png,Steal Relic,2any,2blue,TRUE,Cards\anyCost.png,2,Cards\blueCost.png,2,Cards\blue.png,Empower: Relic,FALSE,FALSE,"""You control Empowered Relic.",TRUE,FALSE,FALSE,FALSE,FALSE
Blue 23,Artwork\Blue 23.png,Control Magic,2any,2blue,TRUE,Cards\anyCost.png,2,Cards\blueCost.png,2,Cards\blue.png,Empower: Being,FALSE,FALSE,"""You control Empowered Being.",TRUE,FALSE,FALSE,FALSE,FALSE
Blue 24,Artwork\Blue 24.png,Doppelganger,3any,2blue,TRUE,Cards\anyCost.png,3,Cards\blueCost.png,2,Cards\blue.png,Being - Shapeshifter,FALSE,FALSE,"""You may have Doppelganger enter the battlefield as a copy of any Being on the battlefield, except it does not copy that Being's color and it has 'At the beginning of your upkeep, you may have this Being become a copy of target Being, except it does not copy that Being's color and it has this ability.'",FALSE,TRUE,FALSE,0 | 0,TRUE
Blue 25,Artwork\Blue 25.png,Arcana Short,2any,1blue,TRUE,Cards\anyCost.png,2,Cards\blueCost.png,1,Cards\blue.png,Quick-Chant,FALSE,FALSE,"""Channel all Domains target player controls and that player loses all unspent Arcana.",TRUE,FALSE,FALSE,FALSE,FALSE
Blue 26,Artwork\Blue 26.png,Ancestral Recall,1blue,FALSE,FALSE,Cards\blueCost.png,FALSE,Cards\blueCost.png,1,Cards\blue.png,Quick-Chant,FALSE,FALSE,"""Target player draws three cards.",TRUE,FALSE,FALSE,FALSE,FALSE
Blue 27,Artwork\Blue 27.png,Air Elemental,3any,2blue,TRUE,Cards\anyCost.png,3,Cards\blueCost.png,2,Cards\blue.png,Being - Elemental,FALSE,FALSE,"""Flying",TRUE,FALSE,FALSE,4 | 4,TRUE
Blue 28,Artwork\Blue 28.png,Flight,1blue,FALSE,FALSE,Cards\blueCost.png,FALSE,Cards\blueCost.png,1,Cards\blue.png,Empower: Being,FALSE,FALSE,"""Empowered Being has Flying.",TRUE,FALSE,FALSE,FALSE,FALSE
Blue 29,Artwork\Blue 29.png,Animate Relic,3any,1blue,TRUE,Cards\anyCost.png,3,Cards\blueCost.png,1,Cards\blue.png,Empower: Relic,FALSE,FALSE,"""As long as Empowered Relic isn't a Being, it's an Relic Being with power and toughness each equal to its Arcana value.",TRUE,FALSE,FALSE,FALSE,FALSE
Blue 3,Artwork\Blue 3.png,Being Bond,1any,1blue,TRUE,Cards\anyCost.png,1,Cards\blueCost.png,1,Cards\blue.png,Empower: Being,FALSE,FALSE,"""When Empowered Being dies, Being Bond deals damage equal to that Being's toughness to the Being's controller.",TRUE,FALSE,FALSE,FALSE,FALSE
Blue 30,Artwork\Blue 30.png,Intense Clarity,Xany,2blue,TRUE,Cards\anyCost.png,X,Cards\blueCost.png,2,Cards\blue.png,Incantation,FALSE,FALSE,"""Target player draws X cards.",TRUE,FALSE,FALSE,FALSE,FALSE
Blue 31,Artwork\Blue 31.png,Twiddle,1blue,FALSE,FALSE,Cards\blueCost.png,FALSE,Cards\blueCost.png,1,Cards\blue.png,Quick-Chant,FALSE,FALSE,"""You may Channel or Unchannel target Relic, Being, or Domain.",TRUE,FALSE,FALSE,FALSE,FALSE
Blue 32,Artwork\Blue 32.png,Wall of Water,1any,2blue,TRUE,Cards\anyCost.png,1,Cards\blueCost.png,2,Cards\blue.png,Being - Wall,Defender,TRUE,"""[1 Blue-Arcana]: Wall of Water gets +1 | +0 until end of turn.",TRUE,FALSE,FALSE,0 | 5,TRUE
Blue 33,Artwork\Blue 33.png,Djinn,4any,2blue,TRUE,Cards\anyCost.png,4,Cards\blueCost.png,2,Cards\blue.png,Being - Djinn,Flying.,TRUE,FALSE,FALSE,FALSE,FALSE,5 | 6,TRUE
Blue 34,Artwork\Blue 34.png,Magical Hack,1blue,FALSE,FALSE,Cards\blueCost.png,FALSE,Cards\blueCost.png,1,Cards\blue.png,Quick-Chant,FALSE,FALSE,"""Change the text of target spell or permanent by replacing all instances of one basic Domain type with another.",TRUE,FALSE,FALSE,FALSE,FALSE
Blue 35,Artwork\Blue 35.png,Fishman of the Shattered Trident,1blue,FALSE,FALSE,Cards\blueCost.png,FALSE,Cards\blueCost.png,1,Cards\blue.png,Being - Fishman,FALSE,FALSE,FALSE,FALSE,FALSE,FALSE,1 | 1,TRUE
Blue 36,Artwork\Blue 36.png,Arcana Sigil,1blue,FALSE,FALSE,Cards\blueCost.png,FALSE,Cards\blueCost.png,1,Cards\blue.png,Quick-Chant,FALSE,FALSE,"""Target spell or permanent becomes Blue.",TRUE,FALSE,FALSE,FALSE,FALSE
Blue 37,Artwork\Blue 37.png,Lord of The Sunken,2blue,FALSE,FALSE,Cards\blueCost.png,FALSE,Cards\blueCost.png,2,Cards\blue.png,Being - Fishman,FALSE,FALSE,"""Other Fishman get +1 | +1 and have Island-Dweller. (They can not be blocked as long as defending player controls an Island.)",TRUE,FALSE,FALSE,2 | 2,TRUE
Blue 38,Artwork\Blue 38.png,Blue Elemental Blast,1blue,FALSE,FALSE,Cards\blueCost.png,FALSE,Cards\blueCost.png,1,Cards\blue.png,Quick-Chant,FALSE,FALSE,"""Choose one: - Counter target Red spell. - Destroy target Red permanent.",TRUE,FALSE,FALSE,FALSE,FALSE
Blue 39,Artwork\Blue 39.png,Wild-Arcane Terrain,2blue,FALSE,FALSE,Cards\blueCost.png,FALSE,Cards\blueCost.png,2,Cards\blue.png,Empower: Domain,FALSE,FALSE,"""As Wild-Arcane Terrain enters the battlefield, choose a basic Domain type. Empowered Domain is the chosen type.",TRUE,FALSE,FALSE,FALSE,FALSE
Blue 4,Artwork\Blue 4.png,Power Release,2blue,FALSE,FALSE,Cards\blueCost.png,FALSE,Cards\blueCost.png,2,Cards\blue.png,Incantation,FALSE,FALSE,"""Target player activates a Arcana ability of each Domain they control. Then that player loses all unspent Arcana and you add the Arcana lost this way.",TRUE,FALSE,FALSE,FALSE,FALSE
Blue 40,Artwork\Blue 40.png,Power Gamble,Xany,1blue,TRUE,Cards\anyCost.png,X,Cards\blueCost.png,1,Cards\blue.png,Quick-Chant,FALSE,FALSE,"""Counter target spell unless its controller pays (X). If that player does not, they Channel all Domains with Arcana abilities they control and lose all unspent Arcana.",TRUE,FALSE,FALSE,FALSE,FALSE
Blue 41,Artwork\Blue 41.png,Invisibility,2blue,FALSE,FALSE,Cards\blueCost.png,FALSE,Cards\blueCost.png,2,Cards\blue.png,Empower: Being,FALSE,FALSE,"""Empowered Being can not be blocked except by Walls.",TRUE,FALSE,FALSE,FALSE,FALSE
Blue 42,Artwork\Blue 42.png,Life Channel,2blue,FALSE,FALSE,Cards\blueCost.png,FALSE,Cards\blueCost.png,2,Cards\blue.png,Empower: Any,FALSE,FALSE,"""Whenever a Forest an opponent controls becomes Channeled, you gain 1 Healths.",TRUE,FALSE,FALSE,FALSE,FALSE
Blue 43,Artwork\Blue 43.png,Feedback,2any,1blue,TRUE,Cards\anyCost.png,2,Cards\blueCost.png,1,Cards\blue.png,Empower: Empower: Any,FALSE,FALSE,"""At the beginning of the upkeep of Empowered Empower's controller, Feedback deals 1 damage to that player.",TRUE,FALSE,FALSE,FALSE,FALSE
Blue 44,Artwork\Blue 44.png,Counterspell,2blue,FALSE,FALSE,Cards\blueCost.png,FALSE,Cards\blueCost.png,2,Cards\blue.png,Quick-Chant,FALSE,FALSE,"""Counter target spell.",TRUE,FALSE,FALSE,FALSE,FALSE
Blue 45,Artwork\Blue 45.png,Wild-Arcane Forces,3any,1blue,TRUE,Cards\anyCost.png,3,Cards\blueCost.png,1,Cards\blue.png,Being - Illusion,Flying,TRUE,"""At the beginning of your upkeep, sacrifice Wild-Arcane Forces unless you pay [1 Blue-Arcana].",TRUE,FALSE,FALSE,4 | 1,TRUE
Blue 46,Artwork\Blue 46.png,Copy Relic,1any,1blue,TRUE,Cards\anyCost.png,1,Cards\blueCost.png,1,Cards\blue.png,Empower: Any,FALSE,FALSE,"""You may have Copy Relic enter the battlefield as a copy of any Relic on the battlefield, except it's an Empower in addition to its other types.",TRUE,FALSE,FALSE,FALSE,FALSE
Blue 5,Artwork\Blue 5.png,Prodigal Sorcerer,2any,1blue,TRUE,Cards\anyCost.png,2,Cards\blueCost.png,1,Cards\blue.png,Being - Human Wizard,FALSE,FALSE,"""[Channel]: Prodigal Sorcerer deals 1 damage to any target.",TRUE,FALSE,FALSE,1 | 1,TRUE
Blue 6,Artwork\Blue 6.png,Phantom Monster,3any,1blue,TRUE,Cards\anyCost.png,3,Cards\blueCost.png,1,Cards\blue.png,Being - Illusion,Flying,TRUE,FALSE,FALSE,FALSE,FALSE,3 | 3,TRUE
Blue 7,Artwork\Blue 7.png,Time Warp,1any,1blue,TRUE,Cards\anyCost.png,1,Cards\blueCost.png,1,Cards\blue.png,Incantation,FALSE,FALSE,"""Take an extra turn after this one.",TRUE,FALSE,FALSE,FALSE,FALSE
Blue 8,Artwork\Blue 8.png,Wall of Air,1any,2blue,TRUE,Cards\anyCost.png,1,Cards\blueCost.png,2,Cards\blue.png,Being - Wall,"""Defender, Flying",TRUE,FALSE,FALSE,FALSE,FALSE,1 | 5,TRUE
Blue 9,Artwork\Blue 9.png,Siren's Call,1blue,FALSE,FALSE,Cards\blueCost.png,FALSE,Cards\blueCost.png,1,Cards\blue.png,Quick-Chant,FALSE,FALSE,"""Cast this spell only during an opponent's turn, before attackers are declared. Beings the active player controls attack this turn if able. At the beginning of the next end step, destroy all non-Wall Beings that player controls that did not attack this turn. Ignore this effect for each Being the player did not control continuously since the beginning of the turn.",FALSE,FALSE,TRUE,FALSE,FALSE
Blue Domain 1,Artwork\Blue Domain 1.png,Island,0any,FALSE,FALSE,Cards\anyCost.png,FALSE,Cards\anyCost.png,0,Cards\any.png,Basic Domain - Island,FALSE,FALSE,"""[Channel]: Add [1 Blue-Arcana].",TRUE,FALSE,FALSE,FALSE,FALSE
Blue Domain 2,Artwork\Blue Domain 2.png,Island,0any,FALSE,FALSE,Cards\anyCost.png,FALSE,Cards\anyCost.png,0,Cards\any.png,Basic Domain - Island,FALSE,FALSE,"""[Channel]: Add [1 Blue-Arcana].",TRUE,FALSE,FALSE,FALSE,FALSE
Blue Domain 3,Artwork\Blue Domain 3.png,Island,0any,FALSE,FALSE,Cards\anyCost.png,FALSE,Cards\anyCost.png,0,Cards\any.png,Basic Domain - Island,FALSE,FALSE,"""[Channel]: Add [1 Blue-Arcana].",TRUE,FALSE,FALSE,FALSE,FALSE
Blue Red Domain 1,Artwork\Blue Red Domain 1.png,Volcanic Island,0any,FALSE,FALSE,Cards\anyCost.png,FALSE,Cards\anyCost.png,0,Cards\any.png,Domain - Island Mountain,FALSE,FALSE,"""[Channel]: Add [1 Blue-Arcana] or [1 Red-Arcana].",TRUE,FALSE,FALSE,FALSE,FALSE
Blue White Domain 1,Artwork\Blue White Domain 1.png,Tundra,0any,FALSE,FALSE,Cards\anyCost.png,FALSE,Cards\anyCost.png,0,Cards\any.png,Domain - Plains Island,FALSE,FALSE,"""[Channel]: Add [1 White-Arcana] or [1 Blue-Arcana].",TRUE,FALSE,FALSE,FALSE,FALSE
Green 1,Artwork\Green 1.png,Spirit of The Fang,1any,1green,TRUE,Cards\anyCost.png,1,Cards\greenCost.png,1,Cards\green.png,Empower: Being,FALSE,FALSE,"""Empowered Being gets +X | +Y, where X is half the number of Forests you control, rounded down, and Y is half the number of Forests you control, rounded up.",TRUE,FALSE,FALSE,FALSE,FALSE
Green 10,Artwork\Green 10.png,Grizzly Bears,1any,1green,TRUE,Cards\anyCost.png,1,Cards\greenCost.png,1,Cards\green.png,Being - Bear,FALSE,FALSE,FALSE,FALSE,FALSE,FALSE,2 | 2,TRUE
Green 11,Artwork\Green 11.png,Wall of Ice,2any,1green,TRUE,Cards\anyCost.png,2,Cards\greenCost.png,1,Cards\green.png,Being - Wall,Defender,TRUE,"""(This Being can not attack.)",TRUE,FALSE,FALSE,0/7,TRUE
Green 12,Artwork\Green 12.png,Living Relic,1green,FALSE,FALSE,Cards\greenCost.png,FALSE,Cards\greenCost.png,1,Cards\green.png,Empower: Relic,FALSE,FALSE,"""Whenever you're dealt damage, put that many vitality counters on Living Relic. At the beginning of your upkeep, you may remove a vitality counter from Living Relic. If you do, you gain 1 Healths.",TRUE,FALSE,FALSE,FALSE,FALSE
Green 13,Artwork\Green 13.png,War Mammoth,3any,1green,TRUE,Cards\anyCost.png,3,Cards\greenCost.png,1,Cards\green.png,Being - Elephant,Trample,TRUE,FALSE,FALSE,FALSE,FALSE,3 | 3,TRUE
Green 14,Artwork\Green 14.png,Mystic Channeling,2green,FALSE,FALSE,Cards\greenCost.png,FALSE,Cards\greenCost.png,2,Cards\green.png,Incantation,FALSE,FALSE,"""Until end of turn, any time you could activate a Arcana ability, you may pay 1 Healths. If you do, add (C).",TRUE,FALSE,FALSE,FALSE,FALSE
Green 15,Artwork\Green 15.png,Wyrm,4any,2green,TRUE,Cards\anyCost.png,4,Cards\greenCost.png,2,Cards\green.png,Being - Wyrm,FALSE,FALSE,FALSE,FALSE,FALSE,FALSE,6 | 4,TRUE
Green 16,Artwork\Green 16.png,Timber Wolves,1green,FALSE,FALSE,Cards\greenCost.png,FALSE,Cards\greenCost.png,1,Cards\green.png,Being - Wolf,Formation,TRUE,"""(Any Beings with Formation, and up to one without, can attack in a Formation. Formation are blocked as a group. If any Beings with Formation you control are blocking or being blocked by a Being, you divide that Being's combat damage, not its controller, among any of the Beings it's being blocked by or is blocking.)",FALSE,TRUE,FALSE,1 | 1,TRUE
Green 17,Artwork\Green 17.png,Regrowth,1any,1green,TRUE,Cards\anyCost.png,1,Cards\greenCost.png,1,Cards\green.png,Incantation,FALSE,FALSE,"""Return target card from your Discard-Pile to your hand.",TRUE,FALSE,FALSE,FALSE,FALSE
Green 18,Artwork\Green 18.png,Ironroot Treefolk,4any,1green,TRUE,Cards\anyCost.png,4,Cards\greenCost.png,1,Cards\green.png,Being - Treefolk,FALSE,FALSE,FALSE,FALSE,FALSE,FALSE,3 | 5,TRUE
Green 19,Artwork\Green 19.png,Regeneration,1any,1green,TRUE,Cards\anyCost.png,1,Cards\greenCost.png,1,Cards\green.png,Empower: Being,FALSE,FALSE,"""(Target a Being as you cast this. This card enters the battlefield attached to that Being.) [1 Green-Arcana]: Resist-Death Empowered Being. (The next time that Being would be destroyed this turn, it isn't. Instead Channel it, remove all damage from it, and remove it from combat.)",FALSE,TRUE,FALSE,FALSE,FALSE
Green 2,Artwork\Green 2.png,Wild Growth,1green,FALSE,FALSE,Cards\greenCost.png,FALSE,Cards\greenCost.png,1,Cards\green.png,Empower: Domain,FALSE,FALSE,"""Whenever Empowered Domain is Channeled for Arcana, its controller adds an additional [1 Green-Arcana].",TRUE,FALSE,FALSE,FALSE,FALSE
Green 20,Artwork\Green 20.png,Kudzu,1any,2green,TRUE,Cards\anyCost.png,1,Cards\greenCost.png,2,Cards\green.png,Empower: Domain,FALSE,FALSE,"""When Empowered Domain becomes Channeled, destroy it. That Domain's controller may attach Kudzu to a Domain of their choice.",TRUE,FALSE,FALSE,FALSE,FALSE
Green 21,Artwork\Green 21.png,Wall of Brambles,2any,1green,TRUE,Cards\anyCost.png,2,Cards\greenCost.png,1,Cards\green.png,Being - Plant Wall,Defender,TRUE,"""(This Being can not attack.) [1 Green-Arcana]: Resist-Death Wall of Brambles.",TRUE,FALSE,FALSE,2 | 3,TRUE
Green 22,Artwork\Green 22.png,Stream of Life,Xany,1green,TRUE,Cards\anyCost.png,X,Cards\greenCost.png,1,Cards\green.png,Incantation,FALSE,FALSE,"""Target player gains X Health.",TRUE,FALSE,FALSE,FALSE,FALSE
Green 23,Artwork\Green 23.png,Natural Selection,1green,FALSE,FALSE,Cards\greenCost.png,FALSE,Cards\greenCost.png,1,Cards\green.png,Quick-Chant,FALSE,FALSE,"""Look at the top three cards of target player's Deck, then put them back in any order. You may have that player shuffle.",TRUE,FALSE,FALSE,FALSE,FALSE
Green 24,Artwork\Green 24.png,Fastbond,1green,FALSE,FALSE,Cards\greenCost.png,FALSE,Cards\greenCost.png,1,Cards\green.png,Empower,FALSE,FALSE,"""You may play any number of Domains on each of your turns. Whenever you play a Domain, if it wasn't the first Domain you played this turn, Fastbond deals 1 damage to you.",TRUE,FALSE,FALSE,FALSE,FALSE
Green 25,Artwork\Green 25.png,Verduran Empowerer,1any,2green,TRUE,Cards\anyCost.png,1,Cards\greenCost.png,2,Cards\green.png,Being - Human Druid,FALSE,FALSE,"""Whenever you cast an Empower spell, you may draw a card.",TRUE,FALSE,FALSE,0 | 2,TRUE
Green 26,Artwork\Green 26.png,Tsunami,3any,1green,TRUE,Cards\anyCost.png,3,Cards\greenCost.png,1,Cards\green.png,Incantation,FALSE,FALSE,"""Destroy all Islands.",TRUE,FALSE,FALSE,FALSE,FALSE
Green 27,Artwork\Green 27.png,Cockatrice,3any,2green,TRUE,Cards\anyCost.png,3,Cards\greenCost.png,2,Cards\green.png,Being - Cockatrice,Flying,TRUE,"""Whenever Cockatrice blocks or becomes blocked by a non-Wall Being, destroy that Being at end of combat.",TRUE,FALSE,FALSE,2 | 4,TRUE
Green 28,Artwork\Green 28.png,Ice Storm,2any,1green,TRUE,Cards\anyCost.png,2,Cards\greenCost.png,1,Cards\green.png,Incantation,FALSE,FALSE,"""Destroy target Domain.",TRUE,FALSE,FALSE,FALSE,FALSE
Green 29,Artwork\Green 29.png,Wall of Wood,1green,FALSE,FALSE,Cards\greenCost.png,FALSE,Cards\greenCost.png,1,Cards\green.png,Being - Wall,Defender,TRUE,"""(This Being can not attack.)",TRUE,FALSE,FALSE,0/3,TRUE
Green 3,Artwork\Green 3.png,Deep-Wood Druid,2any,1green,TRUE,Cards\anyCost.png,2,Cards\greenCost.png,1,Cards\green.png,Being - Human Druid,FALSE,FALSE,"""[Channel]: Unchannel target Domain.",TRUE,FALSE,FALSE,1 | 1,TRUE
Green 30,Artwork\Green 30.png,Deep Dryads,1green,FALSE,FALSE,Cards\greenCost.png,FALSE,Cards\greenCost.png,1,Cards\green.png,Being - Dryad,Forest-Dweller,TRUE,"""(This Being can not be blocked as long as defending player controls a Forest.)",TRUE,FALSE,FALSE,1 | 1,TRUE
Green 31,Artwork\Green 31.png,Living Domains,3any,1green,TRUE,Cards\anyCost.png,3,Cards\greenCost.png,1,Cards\green.png,Empower: Any,FALSE,FALSE,"""All Forests are 1 | 1 Beings that are still Domains.",TRUE,FALSE,FALSE,FALSE,FALSE
Green 32,Artwork\Green 32.png,Giant Spider,3any,1green,TRUE,Cards\anyCost.png,3,Cards\greenCost.png,1,Cards\green.png,Being - Spider,Reach,TRUE,"""(This Being can block Beings with Flying.)",TRUE,FALSE,FALSE,2 | 4,TRUE
Green 33,Artwork\Green 33.png,Tranquility,2any,1green,TRUE,Cards\anyCost.png,2,Cards\greenCost.png,1,Cards\green.png,Incantation,FALSE,FALSE,"""Destroy all Empowers.",TRUE,FALSE,FALSE,FALSE,FALSE
Green 34,Artwork\Green 34.png,Scryb Sprites,1green,FALSE,FALSE,Cards\greenCost.png,FALSE,Cards\greenCost.png,1,Cards\green.png,Being - Faerie,Flying,TRUE,FALSE,FALSE,FALSE,FALSE,1 | 1,TRUE
Green 35,Artwork\Green 35.png,Instill Energy,1green,FALSE,FALSE,Cards\greenCost.png,FALSE,Cards\greenCost.png,1,Cards\green.png,Empower: Being,FALSE,FALSE,"""Empowered Being can attack as though it had haste. (0): Unchannel Empowered Being. Activate only during your turn and only once each turn.",TRUE,FALSE,FALSE,FALSE,FALSE
Green 36,Artwork\Green 36.png,Mushroom Sentinal,3any,1green,TRUE,Cards\anyCost.png,3,Cards\greenCost.png,1,Cards\green.png,Being - Mushroom Golem,FALSE,FALSE,"""Whenever Mushroom Sentinal is dealt damage, put a +1 | +1 counter on it.",TRUE,FALSE,FALSE,2 | 2,TRUE
Green 37,Artwork\Green 37.png,Birds of Paradise,1green,FALSE,FALSE,Cards\greenCost.png,FALSE,Cards\greenCost.png,1,Cards\green.png,Being - Bird,Flying,TRUE,"""[Channel]: Add one Arcana of any color.",TRUE,FALSE,FALSE,0 | 1,TRUE
Green 38,Artwork\Green 38.png,Hurricane,Xany,1green,TRUE,Cards\anyCost.png,X,Cards\greenCost.png,1,Cards\green.png,Incantation,FALSE,FALSE,"""Hurricane deals X damage to each Being with Flying and each player.",TRUE,FALSE,FALSE,FALSE,FALSE
Green 39,Artwork\Green 39.png,Druid Sigil,1green,FALSE,FALSE,Cards\greenCost.png,FALSE,Cards\greenCost.png,1,Cards\green.png,Quick-Chant,FALSE,FALSE,"""Target spell or permanent becomes Green. (Arcana symbols on that permanent remain unchanged.)",TRUE,FALSE,FALSE,FALSE,FALSE
Green 4,Artwork\Green 4.png,Bush Viper,3any,2green,TRUE,Cards\anyCost.png,3,Cards\greenCost.png,2,Cards\green.png,Being - Serpent,FALSE,FALSE,"""Whenever Bush Viper blocks or becomes blocked by a non-Wall Being, destroy that Being at end of combat.",TRUE,FALSE,FALSE,2 | 4,TRUE
Green 40,Artwork\Green 40.png,Verdant Veil,1green,FALSE,FALSE,Cards\greenCost.png,FALSE,Cards\greenCost.png,1,Cards\green.png,Quick-Chant,FALSE,FALSE,"""Cast this spell only during your declare attackers step. This turn, instead of declaring blockers, each defending player chooses any number of Beings they control and divides them into a number of piles equal to the number of attacking Beings for whom that player is the defending player. Beings those players control that can block additional Beings may likewise be put into additional piles. Assign each pile to a different one of those attacking Beings at random. Each Being in a pile that can block the Being that pile is assigned to does so. (Piles can be empty.)",FALSE,FALSE,TRUE,FALSE,FALSE
Green 41,Artwork\Green 41.png,Web,1green,FALSE,FALSE,Cards\greenCost.png,FALSE,Cards\greenCost.png,1,Cards\green.png,Empower: Being,FALSE,FALSE,"""(Target a Being as you cast this. This card enters the battlefield attached to that Being.) Empowered Being gets +0 | +2 and has reach. (It can block Beings with Flying.)",TRUE,FALSE,FALSE,FALSE,FALSE
Green 42,Artwork\Green 42.png,Giant Growth,1green,FALSE,FALSE,Cards\greenCost.png,FALSE,Cards\greenCost.png,1,Cards\green.png,Quick-Chant,FALSE,FALSE,"""Target Being gets +3 | +3 until end of turn.",TRUE,FALSE,FALSE,FALSE,FALSE
Green 43,Artwork\Green 43.png,Lure,1any,2green,TRUE,Cards\anyCost.png,1,Cards\greenCost.png,2,Cards\green.png,Empower: Being,FALSE,FALSE,"""All Beings able to block Empowered Being do so.",TRUE,FALSE,FALSE,FALSE,FALSE
Green 44,Artwork\Green 44.png,Wanderlust,2any,1green,TRUE,Cards\anyCost.png,2,Cards\greenCost.png,1,Cards\green.png,Empower: Being,FALSE,FALSE,"""At the beginning of the upkeep of Empowered Being's controller, Wanderlust deals 1 damage to that player.",TRUE,FALSE,FALSE,FALSE,FALSE
Green 45,Artwork\Green 45.png,Force of Nature,2any,4green,TRUE,Cards\anyCost.png,2,Cards\greenCost.png,4,Cards\green.png,Being - Elemental,FALSE,FALSE,"""Trample (This Being can deal excess combat damage to the player or Planes-Dweller it's attacking.) At the beginning of your upkeep, Force of Nature deals 8 damage to you unless you pay [4 Green-Arcana].",TRUE,FALSE,FALSE,8 | 8,TRUE
Green 46,Artwork\Green 46.png,Elvish Archers,1any,1green,TRUE,Cards\anyCost.png,1,Cards\greenCost.png,1,Cards\green.png,Being - Elf Archer,First Strike,TRUE,FALSE,FALSE,FALSE,FALSE,2 | 1,TRUE
Green 5,Artwork\Green 5.png,Gaea's Liege,3any,3green,TRUE,Cards\anyCost.png,3,Cards\greenCost.png,3,Cards\green.png,Being - Avatar,FALSE,FALSE,"""As long as Gaea's Liege isn't attacking, its power and toughness are each equal to the number of Forests you control. As long as Gaea's Liege is attacking, its power and toughness are each equal to the number of Forests defending player controls. [Channel]: Target Domain becomes a Forest until Gaea's Liege leaves the battlefield.",FALSE,FALSE,TRUE,* | *,TRUE
Green 6,Artwork\Green 6.png,Lifeforce Channeling,2green,FALSE,FALSE,Cards\greenCost.png,FALSE,Cards\greenCost.png,2,Cards\green.png,Empower: Any,FALSE,FALSE,"""[2 Green-Arcana]: Counter target Black spell.",TRUE,FALSE,FALSE,FALSE,FALSE
Green 7,Artwork\Green 7.png,Berserk,1green,FALSE,FALSE,Cards\greenCost.png,FALSE,Cards\greenCost.png,1,Cards\green.png,Quick-Chant,FALSE,FALSE,"""Cast this spell only before the combat damage step. Target Being gains Trample and gets +X | +0 until end of turn, where X is its power. At the beginning of the next end step, destroy that Being if it attacked this turn.",FALSE,TRUE,FALSE,FALSE,FALSE
Green 8,Artwork\Green 8.png,Deep-Forest Elves,1green,FALSE,FALSE,Cards\greenCost.png,FALSE,Cards\greenCost.png,1,Cards\green.png,Being - Elf Druid,FALSE,FALSE,"""[Channel]: Add [1 Green-Arcana].",TRUE,FALSE,FALSE,1 | 1,TRUE
Green 9,Artwork\Green 9.png,Fog,1green,FALSE,FALSE,Cards\greenCost.png,FALSE,Cards\greenCost.png,1,Cards\green.png,Quick-Chant,FALSE,FALSE,"""Prevent all combat damage that would be dealt this turn.",TRUE,FALSE,FALSE,FALSE,FALSE
Green Blue Domain 1,Artwork\Green Blue Domain 1.png,Tropical Island,0any,FALSE,FALSE,Cards\anyCost.png,FALSE,Cards\anyCost.png,0,Cards\any.png,Domain - Forest Island,FALSE,FALSE,"""[Channel]: Add [1 Green-Arcana] or [1 Blue-Arcana].",TRUE,FALSE,FALSE,FALSE,FALSE
Green Domain 1,Artwork\Green Domain 1.png,Forest,0any,FALSE,FALSE,Cards\anyCost.png,FALSE,Cards\anyCost.png,0,Cards\any.png,Basic Domain - Forest,FALSE,FALSE,"""[Channel]: Add [1 Green-Arcana].",TRUE,FALSE,FALSE,FALSE,FALSE
Green Domain 2,Artwork\Green Domain 2.png,Forest,0any,FALSE,FALSE,Cards\anyCost.png,FALSE,Cards\anyCost.png,0,Cards\any.png,Basic Domain - Forest,FALSE,FALSE,"""[Channel]: Add [1 Green-Arcana].",TRUE,FALSE,FALSE,FALSE,FALSE
Green Domain 3,Artwork\Green Domain 3.png,Forest,0any,FALSE,FALSE,Cards\anyCost.png,FALSE,Cards\anyCost.png,0,Cards\any.png,Basic Domain - Forest,FALSE,FALSE,"""[Channel]: Add [1 Green-Arcana].",TRUE,FALSE,FALSE,FALSE,FALSE
Green Red Domain 1,Artwork\Green Red Domain 1.png,Taiga,0any,FALSE,FALSE,Cards\anyCost.png,FALSE,Cards\anyCost.png,0,Cards\any.png,Domain - Mountain Forest,FALSE,FALSE,"""[Channel]: Add [1 Red-Arcana] or [1 Green-Arcana].",TRUE,FALSE,FALSE,FALSE,FALSE
Red 1,Artwork\Red 1.png,Greater Dragon,4any,2red,TRUE,Cards\anyCost.png,4,Cards\redCost.png,2,Cards\red.png,Being - Dragon,Flying,TRUE,"""(This Being can not be blocked except by Beings with Flying or reach.) [1 Red-Arcana]: Greater Dragon gets +1 | +0 until end of turn.",TRUE,FALSE,FALSE,5 | 5,TRUE
Red 10,Artwork\Red 10.png,Fireball,Xany,1red,TRUE,Cards\anyCost.png,X,Cards\redCost.png,1,Cards\red.png,Incantation,FALSE,FALSE,"""This spell costs (1) more to cast for each target beyond the first. Fireball deals X damage divided evenly, rounded down, among any number of targets.",TRUE,FALSE,FALSE,FALSE,FALSE
Red 11,Artwork\Red 11.png,Dog-Goblin Raiders,1red,FALSE,FALSE,Cards\redCost.png,FALSE,Cards\redCost.png,1,Cards\red.png,Being - Dog-Goblin,FALSE,FALSE,FALSE,FALSE,FALSE,FALSE,1 | 1,TRUE
Red 12,Artwork\Red 12.png,Earth Elemental,3any,2red,TRUE,Cards\anyCost.png,3,Cards\redCost.png,2,Cards\red.png,Being - Elemental,FALSE,FALSE,FALSE,FALSE,FALSE,FALSE,4 | 5,TRUE
Red 13,Artwork\Red 13.png,Tunnel,1red,FALSE,FALSE,Cards\redCost.png,FALSE,Cards\redCost.png,1,Cards\red.png,Quick-Chant,FALSE,FALSE,"""Destroy target Wall. It can not Resist-Death.",TRUE,FALSE,FALSE,FALSE,FALSE
Red 14,Artwork\Red 14.png,Sedge Troll,2any,1red,TRUE,Cards\anyCost.png,2,Cards\redCost.png,1,Cards\red.png,Being - Troll,FALSE,FALSE,"""Sedge Troll gets +1 | +1 as long as you control a Swamp. [1 Black-Arcana]: Resist-Death Sedge Troll.",TRUE,FALSE,FALSE,2 | 2,TRUE
Red 15,Artwork\Red 15.png,Dog-Goblin Artillery,1any,2red,TRUE,Cards\anyCost.png,1,Cards\redCost.png,2,Cards\red.png,Being - Ogre Warrior,FALSE,FALSE,"""[Channel]: Dog-Goblin Artillery deals 2 damage to any target and 3 damage to you.",TRUE,FALSE,FALSE,1 | 3,TRUE
Red 16,Artwork\Red 16.png,Earthbind,1red,FALSE,FALSE,Cards\redCost.png,FALSE,Cards\redCost.png,1,Cards\red.png,Empower: Being,FALSE,FALSE,"""When Earthbind enters the battlefield, if Empowered Being has Flying, Earthbind deals 2 damage to that Being and Earthbind gains 'Empowered Being loses Flying.'",TRUE,FALSE,FALSE,FALSE,FALSE
Red 17,Artwork\Red 17.png,Burrowing,1red,FALSE,FALSE,Cards\redCost.png,FALSE,Cards\redCost.png,1,Cards\red.png,Empower: Being,FALSE,FALSE,"""Empowered Being has Mountain-Dweller.",TRUE,FALSE,FALSE,FALSE,FALSE
Red 18,Artwork\Red 18.png,Dog-Goblin Herald,3any,1red,TRUE,Cards\anyCost.png,3,Cards\redCost.png,1,Cards\red.png,Empower: Any,FALSE,FALSE,"""Attacking Beings you control get +1 | +0.",TRUE,FALSE,FALSE,FALSE,FALSE
Red 19,Artwork\Red 19.png,Deep-Earth Warlord,2any,2red,TRUE,Cards\anyCost.png,2,Cards\redCost.png,2,Cards\red.png,Being - Human Barbarian,FALSE,FALSE,"""Deep-Earth Warlord's power and toughness are each equal to the number of non-Wall Beings you control.",TRUE,FALSE,FALSE,* | *,TRUE
Red 2,Artwork\Red 2.png,Granite Gargoyle,2any,1red,TRUE,Cards\anyCost.png,2,Cards\redCost.png,1,Cards\red.png,Being - Gargoyle,Flying,TRUE,"""[1 Red-Arcana]: Granite Gargoyle gets +0 | +1 until end of turn.",TRUE,FALSE,FALSE,2 | 2,TRUE
Red 20,Artwork\Red 20.png,Disintegrate,Xany,1red,TRUE,Cards\anyCost.png,X,Cards\redCost.png,1,Cards\red.png,Incantation,FALSE,FALSE,"""Disintegrate deals X damage to any target. If it's a Being, it can not Resist-Death this turn, and if it would die this turn, exile it instead.",TRUE,FALSE,FALSE,FALSE,FALSE
Red 21,Artwork\Red 21.png,Stone Giant,2any,2red,TRUE,Cards\anyCost.png,2,Cards\redCost.png,2,Cards\red.png,Being - Giant,FALSE,FALSE,"""[Channel]: Target Being you control with toughness less than Stone Giant's power gains Flying until end of turn. Destroy that Being at the beginning of the next end step.",TRUE,FALSE,FALSE,3 | 4,TRUE
Red 22,Artwork\Red 22.png,Arcana Flare,2any,1red,TRUE,Cards\anyCost.png,2,Cards\redCost.png,1,Cards\red.png,Empower: Any,FALSE,FALSE,"""Whenever a player Channels a Domain for Arcana, that player adds one Arcana of any type that Domain produced.",TRUE,FALSE,FALSE,FALSE,FALSE
Red 23,Artwork\Red 23.png,Forged Decree,1red,FALSE,FALSE,Cards\redCost.png,FALSE,Cards\redCost.png,1,Cards\red.png,Quick-Chant,FALSE,FALSE,"""Cast this spell only during the declare blockers step. Remove target Being defending player controls from combat. Beings it was blocking that had become blocked by only that Being this combat become unblocked. You may have it block an attacking Being of your choice.",FALSE,TRUE,FALSE,FALSE,FALSE
Red 24,Artwork\Red 24.png,Smoke,2red,FALSE,FALSE,Cards\redCost.png,FALSE,Cards\redCost.png,2,Cards\red.png,Empower: Any,FALSE,FALSE,"""Players can not Unchannel more than one Being during their Unchannel steps.",TRUE,FALSE,FALSE,FALSE,FALSE
Red 25,Artwork\Red 25.png,Deep-Rock Labyrinth Minotaur,1any,2red,TRUE,Cards\anyCost.png,1,Cards\redCost.png,2,Cards\red.png,Being - Minotaur,FALSE,FALSE,FALSE,FALSE,FALSE,FALSE,2 | 3,TRUE
Red 26,Artwork\Red 26.png,Red Elemental Blast,1red,FALSE,FALSE,Cards\redCost.png,FALSE,Cards\redCost.png,1,Cards\red.png,Quick-Chant,FALSE,FALSE,"""Choose one: - Counter target Blue spell. - Destroy target Blue permanent.",TRUE,FALSE,FALSE,FALSE,FALSE
Red 27,Artwork\Red 27.png,Gray Ogre,2any,1red,TRUE,Cards\anyCost.png,2,Cards\redCost.png,1,Cards\red.png,Being - Ogre,FALSE,FALSE,FALSE,FALSE,FALSE,FALSE,2 | 2,TRUE
Red 28,Artwork\Red 28.png,Eagle of Red-Ridges,3any,1red,TRUE,Cards\anyCost.png,3,Cards\redCost.png,1,Cards\red.png,Being - Bird,Flying,TRUE,FALSE,FALSE,FALSE,FALSE,3 | 3,TRUE
Red 29,Artwork\Red 29.png,Obsidian Sigil,1red,FALSE,FALSE,Cards\redCost.png,FALSE,Cards\redCost.png,1,Cards\red.png,Quick-Chant,FALSE,FALSE,"""Target spell or permanent becomes Red.",TRUE,FALSE,FALSE,FALSE,FALSE
Red 3,Artwork\Red 3.png,Wall of Fire,1any,2red,TRUE,Cards\anyCost.png,1,Cards\redCost.png,2,Cards\red.png,Being - Wall,Defender,TRUE,"""(This Being can not attack.) [1 Red-Arcana]: Wall of Fire gets +1 | +0 until end of turn.",TRUE,FALSE,FALSE,0 | 5,TRUE
Red 30,Artwork\Red 30.png,Dragon Whelp,2any,2red,TRUE,Cards\anyCost.png,2,Cards\redCost.png,2,Cards\red.png,Being - Dragon,Flying,TRUE,"""[1 Red-Arcana]: Dragon Whelp gets +1 | +0 until end of turn. If this ability has been activated four or more times this turn, sacrifice Dragon Whelp at the beginning of the next end step.",TRUE,FALSE,FALSE,2 | 3,TRUE
Red 31,Artwork\Red 31.png,Wheel of Fortune,2any,1red,TRUE,Cards\anyCost.png,2,Cards\redCost.png,1,Cards\red.png,Incantation,FALSE,FALSE,"""Each player discards their hand, then draws seven cards.",TRUE,FALSE,FALSE,FALSE,FALSE
Red 32,Artwork\Red 32.png,Power Surge,2red,FALSE,FALSE,Cards\redCost.png,FALSE,Cards\redCost.png,2,Cards\red.png,Empower: Any,FALSE,FALSE,"""At the beginning of each player's upkeep, Power Surge deals X damage to that player, where X is the number of Unchannel Domains they controlled at the beginning of this turn.",TRUE,FALSE,FALSE,FALSE,FALSE
Red 33,Artwork\Red 33.png,Raging Currents,2red,FALSE,FALSE,Cards\redCost.png,FALSE,Cards\redCost.png,2,Cards\red.png,Empower: Any,FALSE,FALSE,"""Whenever one or more Beings you control attack, each defending player divides all Beings without Flying they control into a 'left' pile and a 'right' pile. Then, for each attacking Being you control, choose 'left' or 'right.' That Being can not be blocked this combat except by Beings with Flying and Beings in a pile with the chosen label.",FALSE,FALSE,TRUE,FALSE,FALSE
Red 34,Artwork\Red 34.png,Arcanabarbs,3any,1red,TRUE,Cards\anyCost.png,3,Cards\redCost.png,1,Cards\red.png,Empower: Any,FALSE,FALSE,"""Whenever a player Channels a Domain for Arcana, Arcanabarbs deals 1 damage to that player.",TRUE,FALSE,FALSE,FALSE,FALSE
Red 35,Artwork\Red 35.png,Dog-Goblin King,1any,2red,TRUE,Cards\anyCost.png,1,Cards\redCost.png,2,Cards\red.png,Being - Dog-Goblin,FALSE,FALSE,"""Other Dog-Goblins get +1 | +1 and have Mountain-Dweller.",TRUE,FALSE,FALSE,2 | 2,TRUE
Red 36,Artwork\Red 36.png,Rockslide,2any,1red,TRUE,Cards\anyCost.png,2,Cards\redCost.png,1,Cards\red.png,Incantation,FALSE,FALSE,"""Destroy target Domain.",TRUE,FALSE,FALSE,FALSE,FALSE
Red 37,Artwork\Red 37.png,Dog-Goblin Balloon Brigade,1red,FALSE,FALSE,Cards\redCost.png,FALSE,Cards\redCost.png,1,Cards\red.png,Being - Dog-Goblin Warrior,FALSE,FALSE,"""[1 Red-Arcana]: Dog-Goblin Balloon Brigade gains Flying until end of turn.",TRUE,FALSE,FALSE,1 | 1,TRUE
Red 38,Artwork\Red 38.png,Shatter,1any,1red,TRUE,Cards\anyCost.png,1,Cards\redCost.png,1,Cards\red.png,Quick-Chant,FALSE,FALSE,"""Destroy target Relic.",TRUE,FALSE,FALSE,FALSE,FALSE
Red 39,Artwork\Red 39.png,Rock-Eating Worm,Xany,2red,TRUE,Cards\anyCost.png,X,Cards\redCost.png,2,Cards\red.png,Being - Hydra,FALSE,FALSE,"""Rock-Eating Worm enters the battlefield with X +1 | +1 counters on it. For each 1 damage that would be dealt to Rock-Eating Worm, if it has a +1 | +1 counter on it, remove a +1 | +1 counter from it and prevent that 1 damage. [1 Red-Arcana]: Prevent the next 1 damage that would be dealt to Rock-Eating Worm this turn. [3 Red-Arcana]: Put a +1 | +1 counter on Rock-Eating Worm. Activate only during your upkeep.",FALSE,FALSE,TRUE,0 | 0,TRUE
Red 4,Artwork\Red 4.png,Flashfires,3any,1red,TRUE,Cards\anyCost.png,3,Cards\redCost.png,1,Cards\red.png,Incantation,FALSE,FALSE,"""Destroy all Plains.",TRUE,FALSE,FALSE,FALSE,FALSE
Red 40,Artwork\Red 40.png,Firebreathing,1red,FALSE,FALSE,Cards\redCost.png,FALSE,Cards\redCost.png,1,Cards\red.png,Empower: Being,FALSE,FALSE,"""[1 Red-Arcana]: Empowered Being gets +1 | +0 until end of turn.",TRUE,FALSE,FALSE,FALSE,FALSE
Red 41,Artwork\Red 41.png,One-Handed Giant of Deep-Rock,4any,1red,TRUE,Cards\anyCost.png,4,Cards\redCost.png,1,Cards\red.png,Being - Giant,Trample,TRUE,"""One-Handed Giant of Deep-Rock can block an additional Being each combat.",TRUE,FALSE,FALSE,4 | 4,TRUE
Red 42,Artwork\Red 42.png,Deep-Rock Troll,2any,1red,TRUE,Cards\anyCost.png,2,Cards\redCost.png,1,Cards\red.png,Being - Troll,FALSE,FALSE,"""[1 Red-Arcana]: Resist-Death High-Rock Troll.",TRUE,FALSE,FALSE,2 | 2,TRUE
Red 43,Artwork\Red 43.png,Dwarven Warriors,2any,1red,TRUE,Cards\anyCost.png,2,Cards\redCost.png,1,Cards\red.png,Being - Dwarf Warrior,FALSE,FALSE,"""[Channel]: Target Being with power 2 or less can not be blocked this turn.",TRUE,FALSE,FALSE,1 | 1,TRUE
Red 44,Artwork\Red 44.png,Wall of Stone,1any,2red,TRUE,Cards\anyCost.png,1,Cards\redCost.png,2,Cards\red.png,Being - Wall,Defender,TRUE,"""(This Being can not attack.)",TRUE,FALSE,FALSE,0 | 8,TRUE
Red 45,Artwork\Red 45.png,Hill Giant,3any,1red,TRUE,Cards\anyCost.png,3,Cards\redCost.png,1,Cards\red.png,Being - Giant,FALSE,FALSE,FALSE,FALSE,FALSE,FALSE,3 | 3,TRUE
Red 46,Artwork\Red 46.png,Dwarven Demolition Team,2any,1red,TRUE,Cards\anyCost.png,2,Cards\redCost.png,1,Cards\red.png,Being - Dwarf,FALSE,FALSE,"""[Channel]: Destroy target Wall.",TRUE,FALSE,FALSE,1 | 1,TRUE
Red 5,Artwork\Red 5.png,Fork,2red,FALSE,FALSE,Cards\redCost.png,FALSE,Cards\redCost.png,2,Cards\red.png,Quick-Chant,FALSE,FALSE,"""Copy target Quick-Chant or Incantation, except that the copy is Red. You may choose new targets for the copy.",TRUE,FALSE,FALSE,FALSE,FALSE
Red 6,Artwork\Red 6.png,Earthquake,Xany,1red,TRUE,Cards\anyCost.png,X,Cards\redCost.png,1,Cards\red.png,Incantation,FALSE,FALSE,"""Earthquake deals X damage to each Being without Flying and each player.",TRUE,FALSE,FALSE,FALSE,FALSE
Red 7,Artwork\Red 7.png,Fire Elemental,3any,2red,TRUE,Cards\anyCost.png,3,Cards\redCost.png,2,Cards\red.png,Being - Elemental,FALSE,FALSE,FALSE,FALSE,FALSE,FALSE,5 | 4,TRUE
Red 8,Artwork\Red 8.png,Lightning Bolt,1red,FALSE,FALSE,Cards\redCost.png,FALSE,Cards\redCost.png,1,Cards\red.png,Quick-Chant,FALSE,FALSE,"""Lightning Bolt deals 3 damage to any target.",TRUE,FALSE,FALSE,FALSE,FALSE
Red 9,Artwork\Red 9.png,Ironjaw Ogres,1any,1red,TRUE,Cards\anyCost.png,1,Cards\redCost.png,1,Cards\red.png,Being - Ogre,FALSE,FALSE,"""Ironjaw Ogres can not block Beings with power 2 or greater.",TRUE,FALSE,FALSE,2 | 2,TRUE
Red Black Domain 1,Artwork\Red Black Domain 1.png,Badlands,0any,FALSE,FALSE,Cards\anyCost.png,FALSE,Cards\anyCost.png,0,Cards\any.png,Domain - Swamp Mountain,FALSE,FALSE,"""[Channel]: Add [1 Black-Arcana] or [1 Red-Arcana].",TRUE,FALSE,FALSE,FALSE,FALSE
Red Domain 1,Artwork\Red Domain 1.png,Mountain,0any,FALSE,FALSE,Cards\anyCost.png,FALSE,Cards\anyCost.png,0,Cards\any.png,Basic Domain - Mountain,FALSE,FALSE,"""[Channel]: Add [1 Red-Arcana].",TRUE,FALSE,FALSE,FALSE,FALSE
Red Domain 2,Artwork\Red Domain 2.png,Mountain,0any,FALSE,FALSE,Cards\anyCost.png,FALSE,Cards\anyCost.png,0,Cards\any.png,Basic Domain - Mountain,FALSE,FALSE,"""[Channel]: Add [1 Red-Arcana].",TRUE,FALSE,FALSE,FALSE,FALSE
Red Domain 3,Artwork\Red Domain 3.png,Mountain,0any,FALSE,FALSE,Cards\anyCost.png,FALSE,Cards\anyCost.png,0,Cards\any.png,Basic Domain - Mountain,FALSE,FALSE,"""[Channel]: Add [1 Red-Arcana].",TRUE,FALSE,FALSE,FALSE,FALSE
Red White Domain 1,Artwork\Red White Domain 1.png,Plateau,0any,FALSE,FALSE,Cards\anyCost.png,FALSE,Cards\anyCost.png,0,Cards\any.png,Domain - Mountain Plains,FALSE,FALSE,"""[Channel]: Add [1 Red-Arcana] or [1 White-Arcana].",TRUE,FALSE,FALSE,FALSE,FALSE
Relics 1,Artwork\Relics 1.png,Dwarven-Crafted Golem,4any,FALSE,FALSE,Cards\anyCost.png,FALSE,Cards\anyCost.png,4,Cards\any.png,Relic Being - Dwarven-Crafted Golem,FALSE,FALSE,"""Dwarven-Crafted Golem attacks each combat if able. Dwarven-Crafted Golem can not be blocked by Walls.",TRUE,FALSE,FALSE,5 | 3,TRUE
Relics 10,Artwork\Relics 10.png,Blackjack Jack o' Lantern,0any,FALSE,FALSE,Cards\anyCost.png,FALSE,Cards\anyCost.png,0,Cards\any.png,Relic,FALSE,FALSE,"""[Channel], Sacrifice Blackjack Jack o' Lantern: Add three Arcana of any one color.",TRUE,FALSE,FALSE,FALSE,FALSE
Relics 11,Artwork\Relics 11.png,Alchemic Formula: Emerald,0any,FALSE,FALSE,Cards\anyCost.png,FALSE,Cards\anyCost.png,0,Cards\any.png,Relic,FALSE,FALSE,"""[Channel]: Add [1 Green-Arcana].",TRUE,FALSE,FALSE,FALSE,FALSE
Relics 12,Artwork\Relics 12.png,Forgotten Sigil of Ruin,4any,FALSE,FALSE,Cards\anyCost.png,FALSE,Cards\anyCost.png,4,Cards\any.png,Relic,FALSE,FALSE,"""(3), [Channel]: Rod of Ruin deals 1 damage to any target.",TRUE,FALSE,FALSE,FALSE,FALSE
Relics 13,Artwork\Relics 13.png,Chromatic Prism,3any,FALSE,FALSE,Cards\anyCost.png,FALSE,Cards\anyCost.png,3,Cards\any.png,Relic,FALSE,FALSE,"""(2), [Channel]: Add one Arcana of any color.",TRUE,FALSE,FALSE,FALSE,FALSE
Relics 14,Artwork\Relics 14.png,Comandments of Bone,1any,FALSE,FALSE,Cards\anyCost.png,FALSE,Cards\anyCost.png,1,Cards\any.png,Relic,FALSE,FALSE,"""Whenever a player casts a Black spell, you may pay (1). If you do, you gain 1 Healths.",TRUE,FALSE,FALSE,FALSE,FALSE
Relics 15,Artwork\Relics 15.png,Divine Chalice,1any,FALSE,FALSE,Cards\anyCost.png,FALSE,Cards\anyCost.png,1,Cards\any.png,Relic,FALSE,FALSE,"""Whenever a player casts a White spell, you may pay (1). If you do, you gain 1 Healths.",TRUE,FALSE,FALSE,FALSE,FALSE
Relics 16,Artwork\Relics 16.png,Orb of Stagnation,2any,FALSE,FALSE,Cards\anyCost.png,FALSE,Cards\anyCost.png,2,Cards\any.png,Relic,FALSE,FALSE,"""As long as Orb of Stagnation is Unchannel, players can not Unchannel more than one Domain during their Unchannel steps.",TRUE,FALSE,FALSE,FALSE,FALSE
Relics 17,Artwork\Relics 17.png,Alchemic Formula: Onyx,0any,FALSE,FALSE,Cards\anyCost.png,FALSE,Cards\anyCost.png,0,Cards\any.png,Relic,FALSE,FALSE,"""[Channel]: Add [1 Black-Arcana].",TRUE,FALSE,FALSE,FALSE,FALSE
Relics 18,Artwork\Relics 18.png,Bottled Unstable Wild-Arcana,2any,FALSE,FALSE,Cards\anyCost.png,FALSE,Cards\anyCost.png,2,Cards\any.png,Relic,FALSE,FALSE,"""(1), [Channel]: If Bottled Unstable Wild-Arcana is on the battlefield, flip Bottled Unstable Wild-Arcana onto the battlefield from a height of at least one foot. If Bottled Unstable Wild-Arcana turns over completely at least once during the flip, destroy all non-token permanents it touches. Then destroy Bottled Unstable Wild-Arcana.",FALSE,FALSE,TRUE,FALSE,FALSE
Relics 19,Artwork\Relics 19.png,Time Shift,2any,FALSE,FALSE,Cards\anyCost.png,FALSE,Cards\anyCost.png,2,Cards\any.png,Relic,FALSE,FALSE,"""Time Shift enters the battlefield Channeled. Time Shift does not Unchannel during your Unchannel step. If you would begin your turn while Time Shift is Channeled, you may skip that turn instead. If you do, Unchannel Time Shift. [Channel]: Take an extra turn after this one.",FALSE,TRUE,FALSE,FALSE,FALSE
Relics 2,Artwork\Relics 2.png,Totem of Deep-Rock Forge,4any,FALSE,FALSE,Cards\anyCost.png,FALSE,Cards\anyCost.png,4,Cards\any.png,Relic,FALSE,FALSE,"""Red Beings get +1 | +1. Whenever a Mountain is Channeled for Arcana, its controller adds an additional [1 Red-Arcana].",TRUE,FALSE,FALSE,FALSE,FALSE
Relics 20,Artwork\Relics 20.png,Alchemic Formula: Pearl,0any,FALSE,FALSE,Cards\anyCost.png,FALSE,Cards\anyCost.png,0,Cards\any.png,Relic,FALSE,FALSE,"""[Channel]: Add [1 White-Arcana].",TRUE,FALSE,FALSE,FALSE,FALSE
Relics 21,Artwork\Relics 21.png,Emerald Effigy,4any,FALSE,FALSE,Cards\anyCost.png,FALSE,Cards\anyCost.png,4,Cards\any.png,Relic,FALSE,FALSE,"""(2): Emerald Effigy becomes a 3 | 6 Golem Relic Being until end of combat. Activate only during combat.",TRUE,FALSE,FALSE,FALSE,FALSE
Relics 22,Artwork\Relics 22.png,Totem of The Swamp,4any,FALSE,FALSE,Cards\anyCost.png,FALSE,Cards\anyCost.png,4,Cards\any.png,Relic,FALSE,FALSE,"""(2), [Channel]: Put a mire counter on target non-Swamp Domain. That Domain is a Swamp for as long as it has a mire counter on it. Activate only during your upkeep. When Totem of The Swamp is put into a Discard-Pile from the battlefield, at the beginning of each of your upkeeps for the rest of the game, remove all mire counters from a Domain that a mire counter was put onto with Totem of The Swamp but that a mire counter has not been removed from with Totem of The Swamp.",FALSE,FALSE,TRUE,FALSE,FALSE
Relics 23,Artwork\Relics 23.png,Alchemic Formula: Ruby,0any,FALSE,FALSE,Cards\anyCost.png,FALSE,Cards\anyCost.png,0,Cards\any.png,Relic,FALSE,FALSE,"""[Channel]: Add [1 Red-Arcana].",TRUE,FALSE,FALSE,FALSE,FALSE
Relics 24,Artwork\Relics 24.png,Alchemic Formula: Sapphire,0any,FALSE,FALSE,Cards\anyCost.png,FALSE,Cards\anyCost.png,0,Cards\any.png,Relic,FALSE,FALSE,"""[Channel]: Add [1 Blue-Arcana].",TRUE,FALSE,FALSE,FALSE,FALSE
Relics 25,Artwork\Relics 25.png,Collar of Avarice,1any,FALSE,FALSE,Cards\anyCost.png,FALSE,Cards\anyCost.png,1,Cards\any.png,Relic,FALSE,FALSE,"""As Collar of Avarice enters the battlefield, choose an opponent. At the beginning of the chosen player's upkeep, Collar of Avarice deals X damage to that player, where X is the number of cards in their hand minus 4.",TRUE,FALSE,FALSE,FALSE,FALSE
Relics 26,Artwork\Relics 26.png,Arcana-Reactive-Quartz Rod,1any,FALSE,FALSE,Cards\anyCost.png,FALSE,Cards\anyCost.png,1,Cards\any.png,Relic,FALSE,FALSE,"""Whenever a player casts a Blue spell, you may pay (1). If you do, you gain 1 Healths.",TRUE,FALSE,FALSE,FALSE,FALSE
Relics 27,Artwork\Relics 27.png,Obsidian Obelisk,3any,FALSE,FALSE,Cards\anyCost.png,FALSE,Cards\anyCost.png,3,Cards\any.png,Relic,FALSE,FALSE,"""Obsidian Obelisk does not Unchannel during your Unchannel step. [Channel]: Add (C)(C)(C). (3): Unchannel Obsidian Obelisk.",TRUE,FALSE,FALSE,FALSE,FALSE
Relics 28,Artwork\Relics 28.png,Totem of The Goddess,4any,FALSE,FALSE,Cards\anyCost.png,FALSE,Cards\anyCost.png,4,Cards\any.png,Relic,FALSE,FALSE,"""Whenever a Domain is put into a Discard-Pile from the battlefield, Totem of The Goddess deals 2 damage to that Domain's controller.",TRUE,FALSE,FALSE,FALSE,FALSE
Relics 29,Artwork\Relics 29.png,Phantom Veil,2any,FALSE,FALSE,Cards\anyCost.png,FALSE,Cards\anyCost.png,2,Cards\any.png,Relic,FALSE,FALSE,"""(X): You may choose a Being card in your hand whose Arcana cost could be paid by some amount of, or all of, the Arcana you spent on (X). If you do, you may cast that card face down as a 2 | 2 Being spell without paying its Arcana cost. If the Being that spell becomes as it resolves has not been turned face up and would assign or deal damage, be dealt damage, or become Channeled, instead it's turned face up and assigns or deals damage, is dealt damage, or becomes Channeled. Activate only as a sorcery.",FALSE,FALSE,TRUE,FALSE,FALSE
Relics 3,Artwork\Relics 3.png,Stolen God Eye,1any,FALSE,FALSE,Cards\anyCost.png,FALSE,Cards\anyCost.png,1,Cards\any.png,Relic,FALSE,FALSE,"""[Channel]: Look at target player's hand.",TRUE,FALSE,FALSE,FALSE,FALSE
Relics 30,Artwork\Relics 30.png,Reactive Arcana-Anvil,1any,FALSE,FALSE,Cards\anyCost.png,FALSE,Cards\anyCost.png,1,Cards\any.png,Relic,FALSE,FALSE,"""Whenever a player casts a Red spell, you may pay (1). If you do, you gain 1 Healths.",TRUE,FALSE,FALSE,FALSE,FALSE
Relics 31,Artwork\Relics 31.png,Spritenest,5any,FALSE,FALSE,Cards\anyCost.png,FALSE,Cards\anyCost.png,5,Cards\any.png,Relic,FALSE,FALSE,"""(5), [Channel]: Create a 1 | 1 colorless Relic Being token with Flying named Sprite.",TRUE,FALSE,FALSE,FALSE,FALSE
Relics 32,Artwork\Relics 32.png,Solid Gold Finger,2any,FALSE,FALSE,Cards\anyCost.png,FALSE,Cards\anyCost.png,2,Cards\any.png,Relic,FALSE,FALSE,"""At the beginning of each player's draw step, if Solid Gold Finger is Unchannel, that player draws an additional card.",TRUE,FALSE,FALSE,FALSE,FALSE
Relics 33,Artwork\Relics 33.png,Ancient Golem,6any,FALSE,FALSE,Cards\anyCost.png,FALSE,Cards\anyCost.png,6,Cards\any.png,Relic Being - Golem,FALSE,FALSE,FALSE,FALSE,FALSE,FALSE,4 | 6,TRUE
Relics 34,Artwork\Relics 34.png,Living Wall,4any,FALSE,FALSE,Cards\anyCost.png,FALSE,Cards\anyCost.png,4,Cards\any.png,Relic Being - Wall,Defender,TRUE,"""(This Being can not attack.) (1): Resist-Death Living Wall.",TRUE,FALSE,FALSE,0 | 6,TRUE
Relics 35,Artwork\Relics 35.png,Hooked Curse,4any,FALSE,FALSE,Cards\anyCost.png,FALSE,Cards\anyCost.png,4,Cards\any.png,Relic,FALSE,FALSE,"""(1): The next time a origin of your choice would deal damage to target Being this turn, that origin deals that damage to you instead.",TRUE,FALSE,FALSE,FALSE,FALSE
Relics 36,Artwork\Relics 36.png,Kormus Bell,4any,FALSE,FALSE,Cards\anyCost.png,FALSE,Cards\anyCost.png,4,Cards\any.png,Relic,FALSE,FALSE,"""All Swamps are 1 | 1 Black Beings that are still Domains.",TRUE,FALSE,FALSE,FALSE,FALSE
Relics 37,Artwork\Relics 37.png,Forcefield,3any,FALSE,FALSE,Cards\anyCost.png,FALSE,Cards\anyCost.png,3,Cards\any.png,Relic,FALSE,FALSE,"""(1): The next time an unblocked Being of your choice would deal combat damage to you this turn, prevent all but 1 of that damage.",TRUE,FALSE,FALSE,FALSE,FALSE
Relics 38,Artwork\Relics 38.png,Helm of Chatzuk,1any,FALSE,FALSE,Cards\anyCost.png,FALSE,Cards\anyCost.png,1,Cards\any.png,Relic,FALSE,FALSE,"""(1), [Channel]: Target Being gains Formation until end of turn. (Any Beings with Formation, and up to one without, can attack in a Formation. Formation are blocked as a group. If any Beings with Formation a player controls are blocking or being blocked by a Being, that player divides that Being's combat damage, not its controller, among any of the Beings it's being blocked by or is blocking.)",FALSE,FALSE,TRUE,FALSE,FALSE
Relics 39,Artwork\Relics 39.png,Copper Tablet,2any,FALSE,FALSE,Cards\anyCost.png,FALSE,Cards\anyCost.png,2,Cards\any.png,Relic,FALSE,FALSE,"""At the beginning of each player's upkeep, Copper Tablet deals 1 damage to that player.",TRUE,FALSE,FALSE,FALSE,FALSE
Relics 4,Artwork\Relics 4.png,Jayemdae Tome,4any,FALSE,FALSE,Cards\anyCost.png,FALSE,Cards\anyCost.png,4,Cards\any.png,Relic,FALSE,FALSE,"""(4), [Channel]: Draw a card.",TRUE,FALSE,FALSE,FALSE,FALSE
Relics 40,Artwork\Relics 40.png,Soul Net,1any,FALSE,FALSE,Cards\anyCost.png,FALSE,Cards\anyCost.png,1,Cards\any.png,Relic,FALSE,FALSE,"""Whenever a Being dies, you may pay (1). If you do, you gain 1 Healths.",TRUE,FALSE,FALSE,FALSE,FALSE
Relics 41,Artwork\Relics 41.png,Icy Manipulator,4any,FALSE,FALSE,Cards\anyCost.png,FALSE,Cards\anyCost.png,4,Cards\any.png,Relic,FALSE,FALSE,"""(1), [Channel]: Channel target Relic, Being, or Domain.",TRUE,FALSE,FALSE,FALSE,FALSE
Relics 42,Artwork\Relics 42.png,Clockwork Beast,6any,FALSE,FALSE,Cards\anyCost.png,FALSE,Cards\anyCost.png,6,Cards\any.png,Relic Being - Beast,FALSE,FALSE,"""Clockwork Beast enters the battlefield with seven +1 | +0 counters on it. At end of combat, if Clockwork Beast attacked or blocked this combat, remove a +1 | +0 counter from it. (X), [Channel]: Put up to X +1 | +0 counters on Clockwork Beast. This ability can not cause the total number of +1 | +0 counters on Clockwork Beast to be greater than seven. Activate only during your upkeep.",FALSE,FALSE,TRUE,0 | 4,TRUE
Relics 43,Artwork\Relics 43.png,Library of Leng,1any,FALSE,FALSE,Cards\anyCost.png,FALSE,Cards\anyCost.png,1,Cards\any.png,Relic,FALSE,FALSE,"""You have no maximum hand size. If an effect causes you to discard a card, discard it, but you may put it on top of your Deck instead of into your Discard-Pile.",TRUE,FALSE,FALSE,FALSE,FALSE
Relics 44,Artwork\Relics 44.png,Arcana Vault,1any,FALSE,FALSE,Cards\anyCost.png,FALSE,Cards\anyCost.png,1,Cards\any.png,Relic,FALSE,FALSE,"""Arcana Vault does not Unchannel during your Unchannel step. At the beginning of your upkeep, you may pay (4). If you do, Unchannel Arcana Vault. At the beginning of your draw step, if Arcana Vault is Channeled, it deals 1 damage to you. [Channel]: Add (C)(C)(C).",FALSE,TRUE,FALSE,FALSE,FALSE
Relics 45,Artwork\Relics 45.png,Meekstone,1any,FALSE,FALSE,Cards\anyCost.png,FALSE,Cards\anyCost.png,1,Cards\any.png,Relic,FALSE,FALSE,"""Beings with power 3 or greater don't Unchannel during their controllers' Unchannel steps.",TRUE,FALSE,FALSE,FALSE,FALSE
Relics 46,Artwork\Relics 46.png,Nevinyrral's Disk,4any,FALSE,FALSE,Cards\anyCost.png,FALSE,Cards\anyCost.png,4,Cards\any.png,Relic,FALSE,FALSE,"""Nevinyrral's Disk enters the battlefield Channeled. (1), [Channel]: Destroy all Relics, Beings, and Empowers.",TRUE,FALSE,FALSE,FALSE,FALSE
Relics 47,Artwork\Relics 47.png,Ankh of Mishra,2any,FALSE,FALSE,Cards\anyCost.png,FALSE,Cards\anyCost.png,2,Cards\any.png,Relic,FALSE,FALSE,"""Whenever a Domain enters the battlefield, Ankh of Mishra deals 2 damage to that Domain's controller.",TRUE,FALSE,FALSE,FALSE,FALSE
Relics 5,Artwork\Relics 5.png,Disrupting Scepter,3any,FALSE,FALSE,Cards\anyCost.png,FALSE,Cards\anyCost.png,3,Cards\any.png,Relic,FALSE,FALSE,"""(3), [Channel]: Target player discards a card. Activate only during your turn.",TRUE,FALSE,FALSE,FALSE,FALSE
Relics 6,Artwork\Relics 6.png,Conservator,4any,FALSE,FALSE,Cards\anyCost.png,FALSE,Cards\anyCost.png,4,Cards\any.png,Relic,FALSE,FALSE,"""(3), [Channel]: Prevent the next 2 damage that would be dealt to you this turn.",TRUE,FALSE,FALSE,FALSE,FALSE
Relics 7,Artwork\Relics 7.png,Sol Ring,1any,FALSE,FALSE,Cards\anyCost.png,FALSE,Cards\anyCost.png,1,Cards\any.png,Relic,FALSE,FALSE,"""[Channel]: Add (C)(C).",TRUE,FALSE,FALSE,FALSE,FALSE
Relics 8,Artwork\Relics 8.png,Sunglasses of Urza,3any,FALSE,FALSE,Cards\anyCost.png,FALSE,Cards\anyCost.png,3,Cards\any.png,Relic,FALSE,FALSE,"""You may spend White Arcana as though it were Red Arcana.",TRUE,FALSE,FALSE,FALSE,FALSE
Relics 9,Artwork\Relics 9.png,Wooden Sphere,1any,FALSE,FALSE,Cards\anyCost.png,FALSE,Cards\anyCost.png,1,Cards\any.png,Relic,FALSE,FALSE,"""Whenever a player casts a Green spell, you may pay (1). If you do, you gain 1 Healths.",TRUE,FALSE,FALSE,FALSE,FALSE
White 1,Artwork\White 1.png,Death Ward,1white,FALSE,FALSE,Cards\whiteCost.png,FALSE,Cards\whiteCost.png,1,Cards\white.png,Quick-Chant,FALSE,FALSE,"""Resist-Death target Being.",TRUE,FALSE,FALSE,FALSE,FALSE
White 10,Artwork\White 10.png,Animate Wall,1white,FALSE,FALSE,Cards\whiteCost.png,FALSE,Cards\whiteCost.png,1,Cards\white.png,Empower: Wall,FALSE,FALSE,"""Empowered Wall can attack as though it did not have Defender.",TRUE,FALSE,FALSE,FALSE,FALSE
White 11,Artwork\White 11.png,Consecrate Domain,1white,FALSE,FALSE,Cards\whiteCost.png,FALSE,Cards\whiteCost.png,1,Cards\white.png,Empower: Domain,FALSE,FALSE,"""Empowered Domain has indestructible and can not be Empowered by other Empowerments.",TRUE,FALSE,FALSE,FALSE,FALSE
White 12,Artwork\White 12.png,Righteousness,1white,FALSE,FALSE,Cards\whiteCost.png,FALSE,Cards\whiteCost.png,1,Cards\white.png,Quick-Chant,FALSE,FALSE,"""Target blocking Being gets +7 | +7 until end of turn.",TRUE,FALSE,FALSE,FALSE,FALSE
White 13,Artwork\White 13.png,Savannah Lions,1white,FALSE,FALSE,Cards\whiteCost.png,FALSE,Cards\whiteCost.png,1,Cards\white.png,Being - Cat,FALSE,FALSE,FALSE,FALSE,FALSE,FALSE,2 | 1,TRUE
White 14,Artwork\White 14.png,Veteran Bodyguard,3any,2white,TRUE,Cards\anyCost.png,3,Cards\whiteCost.png,2,Cards\white.png,Being - Human,FALSE,FALSE,"""As long as Veteran Bodyguard is Unchannel, all damage that would be dealt to you by unblocked Beings is dealt to Veteran Bodyguard instead.",TRUE,FALSE,FALSE,2 | 5,TRUE
White 15,Artwork\White 15.png,Personal Incarnation,3any,3white,TRUE,Cards\anyCost.png,3,Cards\whiteCost.png,3,Cards\white.png,Being - Avatar,FALSE,FALSE,"""Incarnation, (0): The next 1 damage that would be dealt to Personal Incarnation this turn is dealt to its owner instead. Only Personal Incarnation's owner may activate this ability. When Personal Incarnation dies, its owner loses half their Health, rounded up.",FALSE,TRUE,FALSE,6 | 6,TRUE
White 16,Artwork\White 16.png,Sanctuary,1any,1white,TRUE,Cards\anyCost.png,1,Cards\whiteCost.png,1,Cards\white.png,Empower: Any,FALSE,FALSE,"""If you would draw a card during your draw step, instead you may skip that draw. If you do, until your next turn, you can not be attacked except by Beings with Flying and | or Island-Dweller.",TRUE,FALSE,FALSE,FALSE,FALSE
White 17,Artwork\White 17.png,Sigil of Defense: Red,1any,1white,TRUE,Cards\anyCost.png,1,Cards\whiteCost.png,1,Cards\white.png,Empower: Any,FALSE,FALSE,"""(1): The next time a Red origin of your choice would deal damage to you this turn, prevent that damage.",TRUE,FALSE,FALSE,FALSE,FALSE
White 18,Artwork\White 18.png,Castle,3any,1white,TRUE,Cards\anyCost.png,3,Cards\whiteCost.png,1,Cards\white.png,Empower: Any,FALSE,FALSE,"""Unchannel Beings you control get +0 | +2.",TRUE,FALSE,FALSE,FALSE,FALSE
White 19,Artwork\White 19.png,Holy Armor,1white,FALSE,FALSE,Cards\whiteCost.png,FALSE,Cards\whiteCost.png,1,Cards\white.png,Empower: Being,FALSE,FALSE,"""Empowered Being gets +0 | +2., [1 White-Arcana]: Empowered Being gets +0 | +1 until end of turn.",TRUE,FALSE,FALSE,FALSE,FALSE
White 2,Artwork\White 2.png,Serra Angel,3any,2white,TRUE,Cards\anyCost.png,3,Cards\whiteCost.png,2,Cards\white.png,Being - Angel,FALSE,FALSE,"""Flying, vigilance",TRUE,FALSE,FALSE,4 | 4,TRUE
White 20,Artwork\White 20.png,Wrath of God,2any,2white,TRUE,Cards\anyCost.png,2,Cards\whiteCost.png,2,Cards\white.png,Incantation,FALSE,FALSE,"""Destroy all Beings. They can not Resist-Death.",TRUE,FALSE,FALSE,FALSE,FALSE
White 21,Artwork\White 21.png,Wall of Swords,3any,1white,TRUE,Cards\anyCost.png,3,Cards\whiteCost.png,1,Cards\white.png,Being - Wall,Defender,TRUE,"""(This Being can not attack.) Flying",TRUE,FALSE,FALSE,3 | 5,TRUE
White 22,Artwork\White 22.png,Blaze of Glory,1white,FALSE,FALSE,Cards\whiteCost.png,FALSE,Cards\whiteCost.png,1,Cards\white.png,Quick-Chant,FALSE,FALSE,"""Cast this spell only during combat before blockers are declared. Target Being defending player controls can block any number of Beings this turn. It blocks each attacking Being this turn if able.",TRUE,FALSE,FALSE,FALSE,FALSE
White 23,Artwork\White 23.png,Reverse Damage,1any,2white,TRUE,Cards\anyCost.png,1,Cards\whiteCost.png,2,Cards\white.png,Quick-Chant,FALSE,FALSE,"""The next time a origin of your choice would deal damage to you this turn, prevent that damage. You gain Health equal to the damage prevented this way.",TRUE,FALSE,FALSE,FALSE,FALSE
White 24,Artwork\White 24.png,Blue Ward,1white,FALSE,FALSE,Cards\whiteCost.png,FALSE,Cards\whiteCost.png,1,Cards\white.png,Empower: Being,FALSE,FALSE,"""Empowered Being has protection from Blue. This effect does not remove Blue Ward",TRUE,FALSE,FALSE,FALSE,FALSE
White 25,Artwork\White 25.png,Sigil of Defense: White,1any,1white,TRUE,Cards\anyCost.png,1,Cards\whiteCost.png,1,Cards\white.png,Empower: Any,FALSE,FALSE,"""(1): The next time a White origin of your choice would deal damage to you this turn, prevent that damage.",TRUE,FALSE,FALSE,FALSE,FALSE
White 26,Artwork\White 26.png,Sigil of Defense: Blue,1any,1white,TRUE,Cards\anyCost.png,1,Cards\whiteCost.png,1,Cards\white.png,Empower: Any,FALSE,FALSE,"""(1): The next time a Blue origin of your choice would deal damage to you this turn, prevent that damage.",TRUE,FALSE,FALSE,FALSE,FALSE
White 27,Artwork\White 27.png,Balance,1any,1white,TRUE,Cards\anyCost.png,1,Cards\whiteCost.png,1,Cards\white.png,Incantation,FALSE,FALSE,"""Each player chooses a number of Domains they control equal to the number of Domains controlled by the player who controls the fewest, then sacrifices the rest. Players discard cards and sacrifice Beings the same way.",TRUE,FALSE,FALSE,FALSE,FALSE
White 28,Artwork\White 28.png,Karma,2any,2white,TRUE,Cards\anyCost.png,2,Cards\whiteCost.png,2,Cards\white.png,Empower: Any,FALSE,FALSE,"""At the beginning of each player's upkeep, Karma deals damage to that player equal to the number of Swamps they control.",TRUE,FALSE,FALSE,FALSE,FALSE
White 29,Artwork\White 29.png,Pearled Unicorn,2any,1white,TRUE,Cards\anyCost.png,2,Cards\whiteCost.png,1,Cards\white.png,Being - Unicorn,FALSE,FALSE,FALSE,FALSE,FALSE,FALSE,2 | 2,TRUE
White 3,Artwork\White 3.png,Blessing,2white,FALSE,FALSE,Cards\whiteCost.png,FALSE,Cards\whiteCost.png,2,Cards\white.png,Empower: Being,FALSE,FALSE,"""[1 White-Arcana]: Empowered Being gets +1 | +1 until end of turn.",TRUE,FALSE,FALSE,FALSE,FALSE
White 30,Artwork\White 30.png,Northern Paladin,2any,2white,TRUE,Cards\anyCost.png,2,Cards\whiteCost.png,2,Cards\white.png,Being - Human Knight,FALSE,FALSE,"""[2 White-Arcana], [Channel]: Destroy target Black permanent.",TRUE,FALSE,FALSE,3 | 3,TRUE
White 31,Artwork\White 31.png,Armageddon,3any,1white,TRUE,Cards\anyCost.png,3,Cards\whiteCost.png,1,Cards\white.png,Incantation,FALSE,FALSE,"""Destroy all Domains.",TRUE,FALSE,FALSE,FALSE,FALSE
White 32,Artwork\White 32.png,White Knight,2white,FALSE,FALSE,Cards\whiteCost.png,FALSE,Cards\whiteCost.png,2,Cards\white.png,Being - Human Knight,FALSE,FALSE,"""First Strike (This Being deals combat damage before Beings without first strike.), Protection from Black (This Being can not be blocked, targeted, dealt damage, or Empowered by anything Black.)",TRUE,FALSE,FALSE,2 | 2,TRUE
White 33,Artwork\White 33.png,Resurrection,2any,2white,TRUE,Cards\anyCost.png,2,Cards\whiteCost.png,2,Cards\white.png,Incantation,FALSE,FALSE,"""Return target Being card from your Discard-Pile to the battlefield.",TRUE,FALSE,FALSE,FALSE,FALSE
White 34,Artwork\White 34.png,White Ward,1white,FALSE,FALSE,Cards\whiteCost.png,FALSE,Cards\whiteCost.png,1,Cards\white.png,Empower: Being,FALSE,FALSE,"""Empowered Being has protection from White. This effect does not remove White Ward",TRUE,FALSE,FALSE,FALSE,FALSE
White 35,Artwork\White 35.png,Swords to Plowshares,1white,FALSE,FALSE,Cards\whiteCost.png,FALSE,Cards\whiteCost.png,1,Cards\white.png,Quick-Chant,FALSE,FALSE,"""Exile target Being. Its controller gains Health equal to its power.",TRUE,FALSE,FALSE,FALSE,FALSE
White 36,Artwork\White 36.png,Farmstead,3white,FALSE,FALSE,Cards\whiteCost.png,FALSE,Cards\whiteCost.png,3,Cards\white.png,Empower: Domain,FALSE,FALSE,"""Empowered Domain has 'At the beginning of your upkeep, you may pay [2 White-Arcana]. If you do, you gain 1 Healths.'",TRUE,FALSE,FALSE,FALSE,FALSE
White 37,Artwork\White 37.png,Divine Sigil,1white,FALSE,FALSE,Cards\whiteCost.png,FALSE,Cards\whiteCost.png,1,Cards\white.png,Quick-Chant,FALSE,FALSE,"""Target spell or permanent becomes White. (Arcana symbols on that permanent remain unchanged.)",TRUE,FALSE,FALSE,FALSE,FALSE
White 38,Artwork\White 38.png,Disempower,1any,1white,TRUE,Cards\anyCost.png,1,Cards\whiteCost.png,1,Cards\white.png,Quick-Chant,FALSE,FALSE,"""Destroy target Relic or Empower.",TRUE,FALSE,FALSE,FALSE,FALSE
White 39,Artwork\White 39.png,Green Ward,1white,FALSE,FALSE,Cards\whiteCost.png,FALSE,Cards\whiteCost.png,1,Cards\white.png,Empower: Being,FALSE,FALSE,"""Empowered Being has protection from G. This effect does not remove Green Ward",TRUE,FALSE,FALSE,FALSE,FALSE
White 4,Artwork\White 4.png,Samite Healer,1any,1white,TRUE,Cards\anyCost.png,1,Cards\whiteCost.png,1,Cards\white.png,Being - Human Cleric,FALSE,FALSE,"""[Channel]: Prevent the next 1 damage that would be dealt to any target this turn.",TRUE,FALSE,FALSE,1 | 1,TRUE
White 40,Artwork\White 40.png,Sigil of Defense: Green,1any,1white,TRUE,Cards\anyCost.png,1,Cards\whiteCost.png,1,Cards\white.png,Empower: Any,FALSE,FALSE,"""(1): The next time a Green origin of your choice would deal damage to you this turn, prevent that damage.",TRUE,FALSE,FALSE,FALSE,FALSE
White 41,Artwork\White 41.png,Black Ward,1white,FALSE,FALSE,Cards\whiteCost.png,FALSE,Cards\whiteCost.png,1,Cards\white.png,Empower: Being,FALSE,FALSE,"""Empowered Being has protection from Black. This effect does not remove Black Ward.",TRUE,FALSE,FALSE,FALSE,FALSE
White 42,Artwork\White 42.png,Conversion,2any,2white,TRUE,Cards\anyCost.png,2,Cards\whiteCost.png,2,Cards\white.png,Empower: Any,FALSE,FALSE,"""At the beginning of your upkeep, sacrifice Conversion unless you pay [2 White-Arcana]",TRUE,FALSE,FALSE,FALSE,FALSE
White 43,Artwork\White 43.png,Benalish Hero,1white,FALSE,FALSE,Cards\whiteCost.png,FALSE,Cards\whiteCost.png,1,Cards\white.png,Being - Human Soldier,Formation,TRUE,"""(Any Beings with Formation, and up to one without, can attack in a Formation. Formation are blocked as a group. If any Beings with Formation you control are blocking or being blocked by a Being, you divide that Being's combat damage, not its controller, among any of the Beings it's being blocked by or is blocking.)",FALSE,TRUE,FALSE,1 | 1,TRUE
White 44,Artwork\White 44.png,Guardian Angel,Xany,1white,TRUE,Cards\anyCost.png,X,Cards\whiteCost.png,1,Cards\white.png,Quick-Chant,FALSE,FALSE,"""Prevent the next X damage that would be dealt to any target this turn. Until end of turn, you may pay (1) any time you could cast an instant. If you do, prevent the next 1 damage that would be dealt to that permanent or player this turn.",FALSE,TRUE,FALSE,FALSE,FALSE
White 45,Artwork\White 45.png,Crusade,2white,FALSE,FALSE,Cards\whiteCost.png,FALSE,Cards\whiteCost.png,2,Cards\white.png,Empower: Any,FALSE,FALSE,"""White Beings get +1 | +1.",TRUE,FALSE,FALSE,FALSE,FALSE
White 46,Artwork\White 46.png,Sigil of Defense: Black,1any,1white,TRUE,Cards\anyCost.png,1,Cards\whiteCost.png,1,Cards\white.png,Empower: Any,FALSE,FALSE,"""(1): The next time a Black origin of your choice would deal damage to you this turn, prevent that damage.",TRUE,FALSE,FALSE,FALSE,FALSE
White 5,Artwork\White 5.png,Mesa Pegasus,1any,1white,TRUE,Cards\anyCost.png,1,Cards\whiteCost.png,1,Cards\white.png,Being - Pegasus,"""Flying, Formation",TRUE,"""(Any Beings with Formation, and up to one without, can attack in a Formation. Formation are blocked as a group. If any Beings with Formation you control are blocking or being blocked by a Being, you divide that Being's combat damage, not its controller, among any of the Beings it's being blocked by or is blocking.)",FALSE,TRUE,FALSE,1 | 1,TRUE
White 6,Artwork\White 6.png,Holy Strength,1white,FALSE,FALSE,Cards\whiteCost.png,FALSE,Cards\whiteCost.png,1,Cards\white.png,Empower: Being,FALSE,FALSE,"""Empowered Being gets +1 | +2.",TRUE,FALSE,FALSE,FALSE,FALSE
White 7,Artwork\White 7.png,Healing Salve,1white,FALSE,FALSE,Cards\whiteCost.png,FALSE,Cards\whiteCost.png,1,Cards\white.png,Quick-Chant,FALSE,FALSE,"""Choose one: - Target player gains 3 Health. - Prevent the next 3 damage that would be dealt to any target this turn.",TRUE,FALSE,FALSE,FALSE,FALSE
White 8,Artwork\White 8.png,Red Ward,1white,FALSE,FALSE,Cards\whiteCost.png,FALSE,Cards\whiteCost.png,1,Cards\white.png,Empower: Being,FALSE,FALSE,"""Empowered Being has protection from Red. This effect does not remove Red Ward",TRUE,FALSE,FALSE,FALSE,FALSE
White 9,Artwork\White 9.png,Lance,1white,FALSE,FALSE,Cards\whiteCost.png,FALSE,Cards\whiteCost.png,1,Cards\white.png,Empower: Being,FALSE,FALSE,"""Empowered Being has first strike.",TRUE,FALSE,FALSE,FALSE,FALSE
White Black Domain 1,Artwork\White Black Domain 1.png,Scrublands,0any,FALSE,FALSE,Cards\anyCost.png,FALSE,Cards\anyCost.png,0,Cards\any.png,Domain - Plains Swamp,FALSE,FALSE,"""[Channel]: Add [1 White-Arcana] or [1 Black-Arcana].",TRUE,FALSE,FALSE,FALSE,FALSE
White Domain 1,Artwork\White Domain 1.png,Plains,0any,FALSE,FALSE,Cards\anyCost.png,FALSE,Cards\anyCost.png,0,Cards\any.png,Basic Domain - Plains,FALSE,FALSE,"""[Channel]: Add [1 White-Arcana].",TRUE,FALSE,FALSE,FALSE,FALSE
White Domain 2,Artwork\White Domain 2.png,Plains,0any,FALSE,FALSE,Cards\anyCost.png,FALSE,Cards\anyCost.png,0,Cards\any.png,Basic Domain - Plains,FALSE,FALSE,"""[Channel]: Add [1 White-Arcana].",TRUE,FALSE,FALSE,FALSE,FALSE
White Domain 3,Artwork\White Domain 3.png,Plains,0any,FALSE,FALSE,Cards\anyCost.png,FALSE,Cards\anyCost.png,0,Cards\any.png,Basic Domain - Plains,FALSE,FALSE,"""[Channel]: Add [1 White-Arcana].",TRUE,FALSE,FALSE,FALSE,FALSE
White Green Domain 1,Artwork\White Green Domain 1.png,Savannah,0any,FALSE,FALSE,Cards\anyCost.png,FALSE,Cards\anyCost.png,0,Cards\any.png,Domain - Forest Plains,FALSE,FALSE,"""[Channel]: Add [1 Green-Arcana] or [1 White-Arcana].",TRUE,FALSE,FALSE,FALSE,FALSE